-- phpMyAdmin SQL Dump
-- version 4.6.4
-- https://www.phpmyadmin.net/
--
-- Client :  127.0.0.1
-- Généré le :  Lun 26 Juin 2017 à 09:03
-- Version du serveur :  5.7.14
-- Version de PHP :  5.6.25

SET SQL_MODE = "NO_AUTO_VALUE_ON_ZERO";
SET time_zone = "+00:00";


/*!40101 SET @OLD_CHARACTER_SET_CLIENT=@@CHARACTER_SET_CLIENT */;
/*!40101 SET @OLD_CHARACTER_SET_RESULTS=@@CHARACTER_SET_RESULTS */;
/*!40101 SET @OLD_COLLATION_CONNECTION=@@COLLATION_CONNECTION */;
/*!40101 SET NAMES utf8mb4 */;

--
-- Base de données :  `boulderdash`
--

DELIMITER $$
--
-- Procédures
--
CREATE DEFINER=`root`@`localhost` PROCEDURE `selectLvl` (IN `Level` INT)  NO SQL
SELECT ID_Coor, ID_Element
FROM adresses
WHERE adresses.ID_Map = LEVEL
ORDER BY ID_Coor$$

CREATE DEFINER=`root`@`localhost` PROCEDURE `selectLvlDiamonds` (IN `Level` INT)  NO SQL
SELECT diamonds_needed
FROM map
WHERE map.ID_Map = LEVEL$$

CREATE DEFINER=`root`@`localhost` PROCEDURE `selectLvlHeight` (IN `Level` INT)  NO SQL
SELECT Height_Map
FROM map
WHERE map.ID_Map = LEVEL$$

CREATE DEFINER=`root`@`localhost` PROCEDURE `selectLvlTime` (IN `Level` INT)  NO SQL
SELECT time
FROM map
WHERE map.ID_Map = LEVEL$$

CREATE DEFINER=`root`@`localhost` PROCEDURE `selectLvlWidth` (IN `Level` INT)  NO SQL
SELECT Width_Map
FROM map
WHERE map.ID_Map = LEVEL$$

DELIMITER ;

-- --------------------------------------------------------

--
-- Structure de la table `adresses`
--

CREATE TABLE `adresses` (
  `ID_Coor` int(11) NOT NULL,
  `X` int(11) DEFAULT NULL,
  `Y` int(11) DEFAULT NULL,
  `ID_Map` int(11) DEFAULT NULL,
  `ID_Element` int(11) DEFAULT NULL
) ENGINE=InnoDB DEFAULT CHARSET=latin1;

--
-- Contenu de la table `adresses`
--

INSERT INTO `adresses` (`ID_Coor`, `X`, `Y`, `ID_Map`, `ID_Element`) VALUES
(1441, 0, 0, 1, 1),
(1442, 1, 0, 1, 1),
(1443, 2, 0, 1, 1),
(1444, 3, 0, 1, 1),
(1445, 4, 0, 1, 1),
(1446, 5, 0, 1, 1),
(1447, 6, 0, 1, 1),
(1448, 7, 0, 1, 1),
(1449, 8, 0, 1, 1),
(1450, 9, 0, 1, 1),
(1451, 10, 0, 1, 1),
(1452, 11, 0, 1, 1),
(1453, 12, 0, 1, 1),
(1454, 13, 0, 1, 1),
(1455, 14, 0, 1, 1),
(1456, 15, 0, 1, 1),
(1457, 16, 0, 1, 1),
(1458, 17, 0, 1, 1),
(1459, 18, 0, 1, 1),
(1460, 19, 0, 1, 1),
(1461, 20, 0, 1, 1),
(1462, 21, 0, 1, 1),
(1463, 22, 0, 1, 1),
(1464, 23, 0, 1, 1),
(1465, 0, 1, 1, 0),
(1466, 1, 1, 1, 0),
(1467, 2, 1, 1, 0),
(1468, 3, 1, 1, 0),
(1469, 4, 1, 1, 0),
(1470, 5, 1, 1, 0),
(1471, 6, 1, 1, 0),
(1472, 7, 1, 1, 0),
(1473, 8, 1, 1, 0),
(1474, 9, 1, 1, 0),
(1475, 10, 1, 1, 0),
(1476, 11, 1, 1, 0),
(1477, 12, 1, 1, 0),
(1478, 13, 1, 1, 0),
(1479, 14, 1, 1, 0),
(1480, 15, 1, 1, 0),
(1481, 16, 1, 1, 0),
(1482, 17, 1, 1, 0),
(1483, 18, 1, 1, 0),
(1484, 19, 1, 1, 0),
(1485, 20, 1, 1, 0),
(1486, 21, 1, 1, 0),
(1487, 22, 1, 1, 0),
(1488, 23, 1, 1, 0),
(1489, 0, 2, 1, 0),
(1490, 1, 2, 1, 1),
(1491, 2, 2, 1, 1),
(1492, 3, 2, 1, 2),
(1493, 4, 2, 1, 2),
(1494, 5, 2, 1, 2),
(1495, 6, 2, 1, 1),
(1496, 7, 2, 1, 1),
(1497, 8, 2, 1, 1),
(1498, 9, 2, 1, 1),
(1499, 10, 2, 1, 1),
(1500, 11, 2, 1, 1),
(1501, 12, 2, 1, 1),
(1502, 13, 2, 1, 1),
(1503, 14, 2, 1, 4),
(1504, 15, 2, 1, 1),
(1505, 16, 2, 1, 1),
(1506, 17, 2, 1, 1),
(1507, 18, 2, 1, 1),
(1508, 19, 2, 1, 1),
(1509, 20, 2, 1, 1),
(1510, 21, 2, 1, 1),
(1511, 22, 2, 1, 1),
(1512, 23, 2, 1, 0),
(1513, 0, 3, 1, 0),
(1514, 1, 3, 1, 1),
(1515, 2, 3, 1, 1),
(1516, 3, 3, 1, 2),
(1517, 4, 3, 1, 2),
(1518, 5, 3, 1, 2),
(1519, 6, 3, 1, 1),
(1520, 7, 3, 1, 1),
(1521, 8, 3, 1, 1),
(1522, 9, 3, 1, 1),
(1523, 10, 3, 1, 1),
(1524, 11, 3, 1, 1),
(1525, 12, 3, 1, 1),
(1526, 13, 3, 1, 1),
(1527, 14, 3, 1, 1),
(1528, 15, 3, 1, 1),
(1529, 16, 3, 1, 1),
(1530, 17, 3, 1, 3),
(1531, 18, 3, 1, 1),
(1532, 19, 3, 1, 1),
(1533, 20, 3, 1, 1),
(1534, 21, 3, 1, 1),
(1535, 22, 3, 1, 1),
(1536, 23, 3, 1, 0),
(1537, 0, 4, 1, 0),
(1538, 1, 4, 1, 1),
(1539, 2, 4, 1, 1),
(1540, 3, 4, 1, 4),
(1541, 4, 4, 1, 1),
(1542, 5, 4, 1, 1),
(1543, 6, 4, 1, 1),
(1544, 7, 4, 1, 3),
(1545, 8, 4, 1, 1),
(1546, 9, 4, 1, 1),
(1547, 10, 4, 1, 1),
(1548, 11, 4, 1, 1),
(1549, 12, 4, 1, 1),
(1550, 13, 4, 1, 1),
(1551, 14, 4, 1, 4),
(1552, 15, 4, 1, 4),
(1553, 16, 4, 1, 1),
(1554, 17, 4, 1, 0),
(1555, 18, 4, 1, 0),
(1556, 19, 4, 1, 0),
(1557, 20, 4, 1, 0),
(1558, 21, 4, 1, 0),
(1559, 22, 4, 1, 0),
(1560, 23, 4, 1, 0),
(1561, 0, 5, 1, 0),
(1562, 1, 5, 1, 1),
(1563, 2, 5, 1, 1),
(1564, 3, 5, 1, 4),
(1565, 4, 5, 1, 1),
(1566, 5, 5, 1, 1),
(1567, 6, 5, 1, 1),
(1568, 7, 5, 1, 1),
(1569, 8, 5, 1, 1),
(1570, 9, 5, 1, 1),
(1571, 10, 5, 1, 1),
(1572, 11, 5, 1, 1),
(1573, 12, 5, 1, 1),
(1574, 13, 5, 1, 1),
(1575, 14, 5, 1, 1),
(1576, 15, 5, 1, 1),
(1577, 16, 5, 1, 2),
(1578, 17, 5, 1, 0),
(1579, 18, 5, 1, 1),
(1580, 19, 5, 1, 1),
(1581, 20, 5, 1, 1),
(1582, 21, 5, 1, 1),
(1583, 22, 5, 1, 1),
(1584, 23, 5, 1, 1),
(1585, 0, 6, 1, 0),
(1586, 1, 6, 1, 1),
(1587, 2, 6, 1, 3),
(1588, 3, 6, 1, 1),
(1589, 4, 6, 1, 2),
(1590, 5, 6, 1, 1),
(1591, 6, 6, 1, 1),
(1592, 7, 6, 1, 1),
(1593, 8, 6, 1, 1),
(1594, 9, 6, 1, 1),
(1595, 10, 6, 1, 4),
(1596, 11, 6, 1, 1),
(1597, 12, 6, 1, 1),
(1598, 13, 6, 1, 1),
(1599, 14, 6, 1, 1),
(1600, 15, 6, 1, 1),
(1601, 16, 6, 1, 1),
(1602, 17, 6, 1, 0),
(1603, 18, 6, 1, 1),
(1604, 19, 6, 1, 1),
(1605, 20, 6, 1, 1),
(1606, 21, 6, 1, 1),
(1607, 22, 6, 1, 1),
(1608, 23, 6, 1, 1),
(1609, 0, 7, 1, 0),
(1610, 1, 7, 1, 1),
(1611, 2, 7, 1, 1),
(1612, 3, 7, 1, 1),
(1613, 4, 7, 1, 1),
(1614, 5, 7, 1, 1),
(1615, 6, 7, 1, 1),
(1616, 7, 7, 1, 1),
(1617, 8, 7, 1, 1),
(1618, 9, 7, 1, 1),
(1619, 10, 7, 1, 1),
(1620, 11, 7, 1, 1),
(1621, 12, 7, 1, 1),
(1622, 13, 7, 1, 1),
(1623, 14, 7, 1, 1),
(1624, 15, 7, 1, 4),
(1625, 16, 7, 1, 1),
(1626, 17, 7, 1, 0),
(1627, 18, 7, 1, 1),
(1628, 19, 7, 1, 1),
(1629, 20, 7, 1, 1),
(1630, 21, 7, 1, 1),
(1631, 22, 7, 1, 1),
(1632, 23, 7, 1, 1),
(1633, 0, 8, 1, 0),
(1634, 1, 8, 1, 1),
(1635, 2, 8, 1, 2),
(1636, 3, 8, 1, 1),
(1637, 4, 8, 1, 1),
(1638, 5, 8, 1, 1),
(1639, 6, 8, 1, 1),
(1640, 7, 8, 1, 1),
(1641, 8, 8, 1, 4),
(1642, 9, 8, 1, 3),
(1643, 10, 8, 1, 4),
(1644, 11, 8, 1, 1),
(1645, 12, 8, 1, 2),
(1646, 13, 8, 1, 1),
(1647, 14, 8, 1, 1),
(1648, 15, 8, 1, 1),
(1649, 16, 8, 1, 1),
(1650, 17, 8, 1, 0),
(1651, 18, 8, 1, 0),
(1652, 19, 8, 1, 0),
(1653, 20, 8, 1, 0),
(1654, 21, 8, 1, 0),
(1655, 22, 8, 1, 0),
(1656, 23, 8, 1, 0),
(1657, 0, 9, 1, 0),
(1658, 1, 9, 1, 1),
(1659, 2, 9, 1, 1),
(1660, 3, 9, 1, 1),
(1661, 4, 9, 1, 1),
(1662, 5, 9, 1, 1),
(1663, 6, 9, 1, 1),
(1664, 7, 9, 1, 1),
(1665, 8, 9, 1, 1),
(1666, 9, 9, 1, 1),
(1667, 10, 9, 1, 1),
(1668, 11, 9, 1, 1),
(1669, 12, 9, 1, 1),
(1670, 13, 9, 1, 1),
(1671, 14, 9, 1, 1),
(1672, 15, 9, 1, 1),
(1673, 16, 9, 1, 1),
(1674, 17, 9, 1, 1),
(1675, 18, 9, 1, 1),
(1676, 19, 9, 1, 1),
(1677, 20, 9, 1, 1),
(1678, 21, 9, 1, 1),
(1679, 22, 9, 1, 1),
(1680, 23, 9, 1, 0),
(1681, 0, 10, 1, 0),
(1682, 1, 10, 1, 1),
(1683, 2, 10, 1, 2),
(1684, 3, 10, 1, 3),
(1685, 4, 10, 1, 4),
(1686, 5, 10, 1, 1),
(1687, 6, 10, 1, 1),
(1688, 7, 10, 1, 1),
(1689, 8, 10, 1, 1),
(1690, 9, 10, 1, 1),
(1691, 10, 10, 1, 1),
(1692, 11, 10, 1, 1),
(1693, 12, 10, 1, 1),
(1694, 13, 10, 1, 1),
(1695, 14, 10, 1, 1),
(1696, 15, 10, 1, 2),
(1697, 16, 10, 1, 1),
(1698, 17, 10, 1, 1),
(1699, 18, 10, 1, 1),
(1700, 19, 10, 1, 1),
(1701, 20, 10, 1, 1),
(1702, 21, 10, 1, 1),
(1703, 22, 10, 1, 2),
(1704, 23, 10, 1, 0),
(1705, 0, 11, 1, 0),
(1706, 1, 11, 1, 2),
(1707, 2, 11, 1, 1),
(1708, 3, 11, 1, 1),
(1709, 4, 11, 1, 4),
(1710, 5, 11, 1, 1),
(1711, 6, 11, 1, 2),
(1712, 7, 11, 1, 2),
(1713, 8, 11, 1, 2),
(1714, 9, 11, 1, 1),
(1715, 10, 11, 1, 1),
(1716, 11, 11, 1, 1),
(1717, 12, 11, 1, 1),
(1718, 13, 11, 1, 1),
(1719, 14, 11, 1, 1),
(1720, 15, 11, 1, 1),
(1721, 16, 11, 1, 3),
(1722, 17, 11, 1, 1),
(1723, 18, 11, 1, 1),
(1724, 19, 11, 1, 1),
(1725, 20, 11, 1, 4),
(1726, 21, 11, 1, 1),
(1727, 22, 11, 1, 1),
(1728, 23, 11, 1, 0),
(1729, 0, 12, 1, 0),
(1730, 1, 12, 1, 1),
(1731, 2, 12, 1, 1),
(1732, 3, 12, 1, 1),
(1733, 4, 12, 1, 1),
(1734, 5, 12, 1, 1),
(1735, 6, 12, 1, 2),
(1736, 7, 12, 1, 2),
(1737, 8, 12, 1, 2),
(1738, 9, 12, 1, 1),
(1739, 10, 12, 1, 1),
(1740, 11, 12, 1, 1),
(1741, 12, 12, 1, 1),
(1742, 13, 12, 1, 1),
(1743, 14, 12, 1, 1),
(1744, 15, 12, 1, 1),
(1745, 16, 12, 1, 1),
(1746, 17, 12, 1, 4),
(1747, 18, 12, 1, 4),
(1748, 19, 12, 1, 1),
(1749, 20, 12, 1, 1),
(1750, 21, 12, 1, 2),
(1751, 22, 12, 1, 1),
(1752, 23, 12, 1, 0),
(1753, 0, 13, 1, 0),
(1754, 1, 13, 1, 1),
(1755, 2, 13, 1, 1),
(1756, 3, 13, 1, 1),
(1757, 4, 13, 1, 1),
(1758, 5, 13, 1, 1),
(1759, 6, 13, 1, 1),
(1760, 7, 13, 1, 1),
(1761, 8, 13, 1, 1),
(1762, 9, 13, 1, 1),
(1763, 10, 13, 1, 1),
(1764, 11, 13, 1, 1),
(1765, 12, 13, 1, 1),
(1766, 13, 13, 1, 1),
(1767, 14, 13, 1, 4),
(1768, 15, 13, 1, 4),
(1769, 16, 13, 1, 4),
(1770, 17, 13, 1, 1),
(1771, 18, 13, 1, 1),
(1772, 19, 13, 1, 1),
(1773, 20, 13, 1, 3),
(1774, 21, 13, 1, 1),
(1775, 22, 13, 1, 0),
(1776, 23, 13, 1, 0),
(1777, 0, 14, 1, 0),
(1778, 1, 14, 1, 1),
(1779, 2, 14, 1, 2),
(1780, 3, 14, 1, 1),
(1781, 4, 14, 1, 1),
(1782, 5, 14, 1, 1),
(1783, 6, 14, 1, 3),
(1784, 7, 14, 1, 1),
(1785, 8, 14, 1, 1),
(1786, 9, 14, 1, 1),
(1787, 10, 14, 1, 1),
(1788, 11, 14, 1, 3),
(1789, 12, 14, 1, 1),
(1790, 13, 14, 1, 1),
(1791, 14, 14, 1, 1),
(1792, 15, 14, 1, 1),
(1793, 16, 14, 1, 1),
(1794, 17, 14, 1, 1),
(1795, 18, 14, 1, 0),
(1796, 19, 14, 1, 0),
(1797, 20, 14, 1, 0),
(1798, 21, 14, 1, 0),
(1799, 22, 14, 1, 0),
(1800, 23, 14, 1, 0),
(1801, 0, 15, 1, 0),
(1802, 1, 15, 1, 1),
(1803, 2, 15, 1, 1),
(1804, 3, 15, 1, 1),
(1805, 4, 15, 1, 1),
(1806, 5, 15, 1, 1),
(1807, 6, 15, 1, 1),
(1808, 7, 15, 1, 1),
(1809, 8, 15, 1, 4),
(1810, 9, 15, 1, 1),
(1811, 10, 15, 1, 4),
(1812, 11, 15, 1, 1),
(1813, 12, 15, 1, 1),
(1814, 13, 15, 1, 1),
(1815, 14, 15, 1, 1),
(1816, 15, 15, 1, 1),
(1817, 16, 15, 1, 1),
(1818, 17, 15, 1, 3),
(1819, 18, 15, 1, 0),
(1820, 19, 15, 1, 1),
(1821, 20, 15, 1, 1),
(1822, 21, 15, 1, 1),
(1823, 22, 15, 1, 1),
(1824, 23, 15, 1, 1),
(1825, 0, 16, 1, 0),
(1826, 1, 16, 1, 0),
(1827, 2, 16, 1, 0),
(1828, 3, 16, 1, 0),
(1829, 4, 16, 1, 0),
(1830, 5, 16, 1, 0),
(1831, 6, 16, 1, 0),
(1832, 7, 16, 1, 1),
(1833, 8, 16, 1, 1),
(1834, 9, 16, 1, 1),
(1835, 10, 16, 1, 1),
(1836, 11, 16, 1, 1),
(1837, 12, 16, 1, 2),
(1838, 13, 16, 1, 1),
(1839, 14, 16, 1, 1),
(1840, 15, 16, 1, 1),
(1841, 16, 16, 1, 1),
(1842, 17, 16, 1, 1),
(1843, 18, 16, 1, 0),
(1844, 19, 16, 1, 1),
(1845, 20, 16, 1, 1),
(1846, 21, 16, 1, 1),
(1847, 22, 16, 1, 1),
(1848, 23, 16, 1, 1),
(1849, 0, 17, 1, 1),
(1850, 1, 17, 1, 1),
(1851, 2, 17, 1, 1),
(1852, 3, 17, 1, 1),
(1853, 4, 17, 1, 1),
(1854, 5, 17, 1, 1),
(1855, 6, 17, 1, 0),
(1856, 7, 17, 1, 1),
(1857, 8, 17, 1, 1),
(1858, 9, 17, 1, 1),
(1859, 10, 17, 1, 1),
(1860, 11, 17, 1, 1),
(1861, 12, 17, 1, 1),
(1862, 13, 17, 1, 1),
(1863, 14, 17, 1, 1),
(1864, 15, 17, 1, 1),
(1865, 16, 17, 1, 1),
(1866, 17, 17, 1, 1),
(1867, 18, 17, 1, 0),
(1868, 19, 17, 1, 1),
(1869, 20, 17, 1, 1),
(1870, 21, 17, 1, 1),
(1871, 22, 17, 1, 1),
(1872, 23, 17, 1, 1),
(1873, 0, 18, 1, 1),
(1874, 1, 18, 1, 1),
(1875, 2, 18, 1, 1),
(1876, 3, 18, 1, 1),
(1877, 4, 18, 1, 1),
(1878, 5, 18, 1, 1),
(1879, 6, 18, 1, 0),
(1880, 7, 18, 1, 0),
(1881, 8, 18, 1, 0),
(1882, 9, 18, 1, 1),
(1883, 10, 18, 1, 2),
(1884, 11, 18, 1, 1),
(1885, 12, 18, 1, 2),
(1886, 13, 18, 1, 2),
(1887, 14, 18, 1, 1),
(1888, 15, 18, 1, 4),
(1889, 16, 18, 1, 0),
(1890, 17, 18, 1, 0),
(1891, 18, 18, 1, 0),
(1892, 19, 18, 1, 1),
(1893, 20, 18, 1, 1),
(1894, 21, 18, 1, 1),
(1895, 22, 18, 1, 1),
(1896, 23, 18, 1, 1),
(1897, 0, 19, 1, 1),
(1898, 1, 19, 1, 1),
(1899, 2, 19, 1, 1),
(1900, 3, 19, 1, 1),
(1901, 4, 19, 1, 1),
(1902, 5, 19, 1, 1),
(1903, 6, 19, 1, 1),
(1904, 7, 19, 1, 1),
(1905, 8, 19, 1, 0),
(1906, 9, 19, 1, 0),
(1907, 10, 19, 1, 0),
(1908, 11, 19, 1, 0),
(1909, 12, 19, 1, 0),
(1910, 13, 19, 1, 0),
(1911, 14, 19, 1, 0),
(1912, 15, 19, 1, 0),
(1913, 16, 19, 1, 0),
(1914, 17, 19, 1, 1),
(1915, 18, 19, 1, 1),
(1916, 19, 19, 1, 1),
(1917, 20, 19, 1, 1),
(1918, 21, 19, 1, 1),
(1919, 22, 19, 1, 1),
(1920, 23, 19, 1, 1),
(1921, 0, 0, 2, 1),
(1922, 1, 0, 2, 1),
(1923, 2, 0, 2, 1),
(1924, 3, 0, 2, 1),
(1925, 4, 0, 2, 1),
(1926, 5, 0, 2, 1),
(1927, 6, 0, 2, 1),
(1928, 7, 0, 2, 1),
(1929, 8, 0, 2, 1),
(1930, 9, 0, 2, 1),
(1931, 10, 0, 2, 1),
(1932, 11, 0, 2, 1),
(1933, 12, 0, 2, 1),
(1934, 13, 0, 2, 1),
(1935, 14, 0, 2, 1),
(1936, 15, 0, 2, 1),
(1937, 16, 0, 2, 1),
(1938, 17, 0, 2, 1),
(1939, 18, 0, 2, 1),
(1940, 19, 0, 2, 1),
(1941, 20, 0, 2, 1),
(1942, 21, 0, 2, 1),
(1943, 22, 0, 2, 1),
(1944, 23, 0, 2, 1),
(1945, 0, 1, 2, 0),
(1946, 1, 1, 2, 0),
(1947, 2, 1, 2, 0),
(1948, 3, 1, 2, 0),
(1949, 4, 1, 2, 0),
(1950, 5, 1, 2, 0),
(1951, 6, 1, 2, 0),
(1952, 7, 1, 2, 0),
(1953, 8, 1, 2, 0),
(1954, 9, 1, 2, 0),
(1955, 10, 1, 2, 0),
(1956, 11, 1, 2, 0),
(1957, 12, 1, 2, 0),
(1958, 13, 1, 2, 0),
(1959, 14, 1, 2, 0),
(1960, 15, 1, 2, 0),
(1961, 16, 1, 2, 0),
(1962, 17, 1, 2, 0),
(1963, 18, 1, 2, 0),
(1964, 19, 1, 2, 0),
(1965, 20, 1, 2, 0),
(1966, 21, 1, 2, 0),
(1967, 22, 1, 2, 0),
(1968, 23, 1, 2, 0),
(1969, 0, 2, 2, 0),
(1970, 1, 2, 2, 1),
(1971, 2, 2, 2, 1),
(1972, 3, 2, 2, 2),
(1973, 4, 2, 2, 2),
(1974, 5, 2, 2, 2),
(1975, 6, 2, 2, 1),
(1976, 7, 2, 2, 1),
(1977, 8, 2, 2, 1),
(1978, 9, 2, 2, 1),
(1979, 10, 2, 2, 1),
(1980, 11, 2, 2, 1),
(1981, 12, 2, 2, 1),
(1982, 13, 2, 2, 1),
(1983, 14, 2, 2, 4),
(1984, 15, 2, 2, 1),
(1985, 16, 2, 2, 1),
(1986, 17, 2, 2, 1),
(1987, 18, 2, 2, 1),
(1988, 19, 2, 2, 1),
(1989, 20, 2, 2, 1),
(1990, 21, 2, 2, 1),
(1991, 22, 2, 2, 1),
(1992, 23, 2, 2, 0),
(1993, 0, 3, 2, 0),
(1994, 1, 3, 2, 1),
(1995, 2, 3, 2, 1),
(1996, 3, 3, 2, 2),
(1997, 4, 3, 2, 2),
(1998, 5, 3, 2, 2),
(1999, 6, 3, 2, 1),
(2000, 7, 3, 2, 1),
(2001, 8, 3, 2, 1),
(2002, 9, 3, 2, 1),
(2003, 10, 3, 2, 1),
(2004, 11, 3, 2, 1),
(2005, 12, 3, 2, 1),
(2006, 13, 3, 2, 1),
(2007, 14, 3, 2, 1),
(2008, 15, 3, 2, 1),
(2009, 16, 3, 2, 1),
(2010, 17, 3, 2, 3),
(2011, 18, 3, 2, 1),
(2012, 19, 3, 2, 1),
(2013, 20, 3, 2, 1),
(2014, 21, 3, 2, 1),
(2015, 22, 3, 2, 1),
(2016, 23, 3, 2, 0),
(2017, 0, 4, 2, 0),
(2018, 1, 4, 2, 1),
(2019, 2, 4, 2, 1),
(2020, 3, 4, 2, 4),
(2021, 4, 4, 2, 1),
(2022, 5, 4, 2, 1),
(2023, 6, 4, 2, 1),
(2024, 7, 4, 2, 3),
(2025, 8, 4, 2, 1),
(2026, 9, 4, 2, 1),
(2027, 10, 4, 2, 1),
(2028, 11, 4, 2, 1),
(2029, 12, 4, 2, 1),
(2030, 13, 4, 2, 1),
(2031, 14, 4, 2, 4),
(2032, 15, 4, 2, 4),
(2033, 16, 4, 2, 1),
(2034, 17, 4, 2, 1),
(2035, 18, 4, 2, 1),
(2036, 19, 4, 2, 1),
(2037, 20, 4, 2, 1),
(2038, 21, 4, 2, 4),
(2039, 22, 4, 2, 0),
(2040, 23, 4, 2, 0),
(2041, 0, 5, 2, 0),
(2042, 1, 5, 2, 1),
(2043, 2, 5, 2, 1),
(2044, 3, 5, 2, 4),
(2045, 4, 5, 2, 1),
(2046, 5, 5, 2, 1),
(2047, 6, 5, 2, 1),
(2048, 7, 5, 2, 1),
(2049, 8, 5, 2, 1),
(2050, 9, 5, 2, 1),
(2051, 10, 5, 2, 1),
(2052, 11, 5, 2, 1),
(2053, 12, 5, 2, 1),
(2054, 13, 5, 2, 1),
(2055, 14, 5, 2, 1),
(2056, 15, 5, 2, 1),
(2057, 16, 5, 2, 2),
(2058, 17, 5, 2, 3),
(2059, 18, 5, 2, 1),
(2060, 19, 5, 2, 1),
(2061, 20, 5, 2, 1),
(2062, 21, 5, 2, 1),
(2063, 22, 5, 2, 1),
(2064, 23, 5, 2, 0),
(2065, 0, 6, 2, 0),
(2066, 1, 6, 2, 1),
(2067, 2, 6, 2, 3),
(2068, 3, 6, 2, 1),
(2069, 4, 6, 2, 2),
(2070, 5, 6, 2, 1),
(2071, 6, 6, 2, 1),
(2072, 7, 6, 2, 1),
(2073, 8, 6, 2, 1),
(2074, 9, 6, 2, 1),
(2075, 10, 6, 2, 4),
(2076, 11, 6, 2, 1),
(2077, 12, 6, 2, 1),
(2078, 13, 6, 2, 1),
(2079, 14, 6, 2, 1),
(2080, 15, 6, 2, 1),
(2081, 16, 6, 2, 1),
(2082, 17, 6, 2, 1),
(2083, 18, 6, 2, 1),
(2084, 19, 6, 2, 1),
(2085, 20, 6, 2, 1),
(2086, 21, 6, 2, 1),
(2087, 22, 6, 2, 1),
(2088, 23, 6, 2, 0),
(2089, 0, 7, 2, 0),
(2090, 1, 7, 2, 0),
(2091, 2, 7, 2, 0),
(2092, 3, 7, 2, 0),
(2093, 4, 7, 2, 0),
(2094, 5, 7, 2, 0),
(2095, 6, 7, 2, 0),
(2096, 7, 7, 2, 0),
(2097, 8, 7, 2, 1),
(2098, 9, 7, 2, 1),
(2099, 10, 7, 2, 1),
(2100, 11, 7, 2, 1),
(2101, 12, 7, 2, 1),
(2102, 13, 7, 2, 1),
(2103, 14, 7, 2, 1),
(2104, 15, 7, 2, 4),
(2105, 16, 7, 2, 1),
(2106, 17, 7, 2, 1),
(2107, 18, 7, 2, 1),
(2108, 19, 7, 2, 1),
(2109, 20, 7, 2, 1),
(2110, 21, 7, 2, 1),
(2111, 22, 7, 2, 1),
(2112, 23, 7, 2, 0),
(2113, 0, 8, 2, 0),
(2114, 1, 8, 2, 1),
(2115, 2, 8, 2, 2),
(2116, 3, 8, 2, 1),
(2117, 4, 8, 2, 1),
(2118, 5, 8, 2, 1),
(2119, 6, 8, 2, 1),
(2120, 7, 8, 2, 0),
(2121, 8, 8, 2, 1),
(2122, 9, 8, 2, 3),
(2123, 10, 8, 2, 4),
(2124, 11, 8, 2, 1),
(2125, 12, 8, 2, 2),
(2126, 13, 8, 2, 4),
(2127, 14, 8, 2, 1),
(2128, 15, 8, 2, 1),
(2129, 16, 8, 2, 1),
(2130, 17, 8, 2, 2),
(2131, 18, 8, 2, 2),
(2132, 19, 8, 2, 1),
(2133, 20, 8, 2, 4),
(2134, 21, 8, 2, 1),
(2135, 22, 8, 2, 1),
(2136, 23, 8, 2, 0),
(2137, 0, 9, 2, 0),
(2138, 1, 9, 2, 1),
(2139, 2, 9, 2, 1),
(2140, 3, 9, 2, 1),
(2141, 4, 9, 2, 1),
(2142, 5, 9, 2, 3),
(2143, 6, 9, 2, 1),
(2144, 7, 9, 2, 0),
(2145, 8, 9, 2, 1),
(2146, 9, 9, 2, 1),
(2147, 10, 9, 2, 1),
(2148, 11, 9, 2, 1),
(2149, 12, 9, 2, 1),
(2150, 13, 9, 2, 1),
(2151, 14, 9, 2, 1),
(2152, 15, 9, 2, 1),
(2153, 16, 9, 2, 1),
(2154, 17, 9, 2, 1),
(2155, 18, 9, 2, 1),
(2156, 19, 9, 2, 1),
(2157, 20, 9, 2, 1),
(2158, 21, 9, 2, 1),
(2159, 22, 9, 2, 1),
(2160, 23, 9, 2, 0),
(2161, 0, 10, 2, 0),
(2162, 1, 10, 2, 1),
(2163, 2, 10, 2, 2),
(2164, 3, 10, 2, 3),
(2165, 4, 10, 2, 4),
(2166, 5, 10, 2, 1),
(2167, 6, 10, 2, 1),
(2168, 7, 10, 2, 1),
(2169, 8, 10, 2, 1),
(2170, 9, 10, 2, 1),
(2171, 10, 10, 2, 1),
(2172, 11, 10, 2, 1),
(2173, 12, 10, 2, 1),
(2174, 13, 10, 2, 1),
(2175, 14, 10, 2, 1),
(2176, 15, 10, 2, 2),
(2177, 16, 10, 2, 1),
(2178, 17, 10, 2, 1),
(2179, 18, 10, 2, 1),
(2180, 19, 10, 2, 1),
(2181, 20, 10, 2, 1),
(2182, 21, 10, 2, 1),
(2183, 22, 10, 2, 2),
(2184, 23, 10, 2, 0),
(2185, 0, 11, 2, 0),
(2186, 1, 11, 2, 2),
(2187, 2, 11, 2, 1),
(2188, 3, 11, 2, 1),
(2189, 4, 11, 2, 1),
(2190, 5, 11, 2, 1),
(2191, 6, 11, 2, 2),
(2192, 7, 11, 2, 1),
(2193, 8, 11, 2, 2),
(2194, 9, 11, 2, 1),
(2195, 10, 11, 2, 1),
(2196, 11, 11, 2, 1),
(2197, 12, 11, 2, 1),
(2198, 13, 11, 2, 1),
(2199, 14, 11, 2, 1),
(2200, 15, 11, 2, 1),
(2201, 16, 11, 2, 3),
(2202, 17, 11, 2, 1),
(2203, 18, 11, 2, 1),
(2204, 19, 11, 2, 1),
(2205, 20, 11, 2, 4),
(2206, 21, 11, 2, 1),
(2207, 22, 11, 2, 1),
(2208, 23, 11, 2, 0),
(2209, 0, 12, 2, 0),
(2210, 1, 12, 2, 1),
(2211, 2, 12, 2, 1),
(2212, 3, 12, 2, 0),
(2213, 4, 12, 2, 0),
(2214, 5, 12, 2, 0),
(2215, 6, 12, 2, 0),
(2216, 7, 12, 2, 0),
(2217, 8, 12, 2, 2),
(2218, 9, 12, 2, 1),
(2219, 10, 12, 2, 1),
(2220, 11, 12, 2, 4),
(2221, 12, 12, 2, 4),
(2222, 13, 12, 2, 1),
(2223, 14, 12, 2, 1),
(2224, 15, 12, 2, 1),
(2225, 16, 12, 2, 1),
(2226, 17, 12, 2, 4),
(2227, 18, 12, 2, 4),
(2228, 19, 12, 2, 1),
(2229, 20, 12, 2, 1),
(2230, 21, 12, 2, 2),
(2231, 22, 12, 2, 1),
(2232, 23, 12, 2, 0),
(2233, 0, 13, 2, 0),
(2234, 1, 13, 2, 1),
(2235, 2, 13, 2, 1),
(2236, 3, 13, 2, 1),
(2237, 4, 13, 2, 1),
(2238, 5, 13, 2, 1),
(2239, 6, 13, 2, 1),
(2240, 7, 13, 2, 1),
(2241, 8, 13, 2, 1),
(2242, 9, 13, 2, 1),
(2243, 10, 13, 2, 1),
(2244, 11, 13, 2, 1),
(2245, 12, 13, 2, 1),
(2246, 13, 13, 2, 1),
(2247, 14, 13, 2, 4),
(2248, 15, 13, 2, 4),
(2249, 16, 13, 2, 4),
(2250, 17, 13, 2, 1),
(2251, 18, 13, 2, 1),
(2252, 19, 13, 2, 1),
(2253, 20, 13, 2, 3),
(2254, 21, 13, 2, 1),
(2255, 22, 13, 2, 0),
(2256, 23, 13, 2, 0),
(2257, 0, 14, 2, 0),
(2258, 1, 14, 2, 1),
(2259, 2, 14, 2, 1),
(2260, 3, 14, 2, 1),
(2261, 4, 14, 2, 1),
(2262, 5, 14, 2, 1),
(2263, 6, 14, 2, 3),
(2264, 7, 14, 2, 1),
(2265, 8, 14, 2, 1),
(2266, 9, 14, 2, 1),
(2267, 10, 14, 2, 1),
(2268, 11, 14, 2, 3),
(2269, 12, 14, 2, 1),
(2270, 13, 14, 2, 1),
(2271, 14, 14, 2, 1),
(2272, 15, 14, 2, 1),
(2273, 16, 14, 2, 1),
(2274, 17, 14, 2, 1),
(2275, 18, 14, 2, 0),
(2276, 19, 14, 2, 0),
(2277, 20, 14, 2, 0),
(2278, 21, 14, 2, 0),
(2279, 22, 14, 2, 0),
(2280, 23, 14, 2, 0),
(2281, 0, 15, 2, 0),
(2282, 1, 15, 2, 1),
(2283, 2, 15, 2, 1),
(2284, 3, 15, 2, 1),
(2285, 4, 15, 2, 1),
(2286, 5, 15, 2, 1),
(2287, 6, 15, 2, 1),
(2288, 7, 15, 2, 1),
(2289, 8, 15, 2, 4),
(2290, 9, 15, 2, 1),
(2291, 10, 15, 2, 4),
(2292, 11, 15, 2, 1),
(2293, 12, 15, 2, 1),
(2294, 13, 15, 2, 4),
(2295, 14, 15, 2, 4),
(2296, 15, 15, 2, 1),
(2297, 16, 15, 2, 1),
(2298, 17, 15, 2, 3),
(2299, 18, 15, 2, 0),
(2300, 19, 15, 2, 1),
(2301, 20, 15, 2, 1),
(2302, 21, 15, 2, 1),
(2303, 22, 15, 2, 1),
(2304, 23, 15, 2, 1),
(2305, 0, 16, 2, 0),
(2306, 1, 16, 2, 0),
(2307, 2, 16, 2, 0),
(2308, 3, 16, 2, 1),
(2309, 4, 16, 2, 1),
(2310, 5, 16, 2, 1),
(2311, 6, 16, 2, 2),
(2312, 7, 16, 2, 1),
(2313, 8, 16, 2, 1),
(2314, 9, 16, 2, 1),
(2315, 10, 16, 2, 1),
(2316, 11, 16, 2, 1),
(2317, 12, 16, 2, 2),
(2318, 13, 16, 2, 1),
(2319, 14, 16, 2, 1),
(2320, 15, 16, 2, 1),
(2321, 16, 16, 2, 1),
(2322, 17, 16, 2, 1),
(2323, 18, 16, 2, 0),
(2324, 19, 16, 2, 1),
(2325, 20, 16, 2, 1),
(2326, 21, 16, 2, 1),
(2327, 22, 16, 2, 1),
(2328, 23, 16, 2, 1),
(2329, 0, 17, 2, 1),
(2330, 1, 17, 2, 1),
(2331, 2, 17, 2, 0),
(2332, 3, 17, 2, 1),
(2333, 4, 17, 2, 1),
(2334, 5, 17, 2, 1),
(2335, 6, 17, 2, 2),
(2336, 7, 17, 2, 2),
(2337, 8, 17, 2, 1),
(2338, 9, 17, 2, 1),
(2339, 10, 17, 2, 1),
(2340, 11, 17, 2, 1),
(2341, 12, 17, 2, 1),
(2342, 13, 17, 2, 1),
(2343, 14, 17, 2, 1),
(2344, 15, 17, 2, 1),
(2345, 16, 17, 2, 1),
(2346, 17, 17, 2, 1),
(2347, 18, 17, 2, 0),
(2348, 19, 17, 2, 1),
(2349, 20, 17, 2, 1),
(2350, 21, 17, 2, 1),
(2351, 22, 17, 2, 1),
(2352, 23, 17, 2, 1),
(2353, 0, 18, 2, 1),
(2354, 1, 18, 2, 1),
(2355, 2, 18, 2, 0),
(2356, 3, 18, 2, 1),
(2357, 4, 18, 2, 1),
(2358, 5, 18, 2, 0),
(2359, 6, 18, 2, 0),
(2360, 7, 18, 2, 0),
(2361, 8, 18, 2, 0),
(2362, 9, 18, 2, 1),
(2363, 10, 18, 2, 2),
(2364, 11, 18, 2, 1),
(2365, 12, 18, 2, 2),
(2366, 13, 18, 2, 2),
(2367, 14, 18, 2, 1),
(2368, 15, 18, 2, 4),
(2369, 16, 18, 2, 0),
(2370, 17, 18, 2, 0),
(2371, 18, 18, 2, 0),
(2372, 19, 18, 2, 1),
(2373, 20, 18, 2, 1),
(2374, 21, 18, 2, 1),
(2375, 22, 18, 2, 1),
(2376, 23, 18, 2, 1),
(2377, 0, 19, 2, 1),
(2378, 1, 19, 2, 1),
(2379, 2, 19, 2, 0),
(2380, 3, 19, 2, 0),
(2381, 4, 19, 2, 0),
(2382, 5, 19, 2, 0),
(2383, 6, 19, 2, 1),
(2384, 7, 19, 2, 1),
(2385, 8, 19, 2, 0),
(2386, 9, 19, 2, 0),
(2387, 10, 19, 2, 0),
(2388, 11, 19, 2, 0),
(2389, 12, 19, 2, 0),
(2390, 13, 19, 2, 0),
(2391, 14, 19, 2, 0),
(2392, 15, 19, 2, 0),
(2393, 16, 19, 2, 0),
(2394, 17, 19, 2, 1),
(2395, 18, 19, 2, 1),
(2396, 19, 19, 2, 1),
(2397, 20, 19, 2, 1),
(2398, 21, 19, 2, 1),
(2399, 22, 19, 2, 1),
(2400, 23, 19, 2, 1),
(2401, 0, 0, 3, 1),
(2402, 1, 0, 3, 1),
(2403, 2, 0, 3, 1),
(2404, 3, 0, 3, 1),
(2405, 4, 0, 3, 1),
(2406, 5, 0, 3, 1),
(2407, 6, 0, 3, 1),
(2408, 7, 0, 3, 1),
(2409, 8, 0, 3, 1),
(2410, 9, 0, 3, 1),
(2411, 10, 0, 3, 1),
(2412, 11, 0, 3, 1),
(2413, 12, 0, 3, 1),
(2414, 13, 0, 3, 1),
(2415, 14, 0, 3, 1),
(2416, 15, 0, 3, 1),
(2417, 16, 0, 3, 1),
(2418, 17, 0, 3, 1),
(2419, 18, 0, 3, 1),
(2420, 19, 0, 3, 1),
(2421, 20, 0, 3, 1),
(2422, 21, 0, 3, 1),
(2423, 22, 0, 3, 1),
(2424, 23, 0, 3, 1),
(2425, 0, 1, 3, 0),
(2426, 1, 1, 3, 0),
(2427, 2, 1, 3, 0),
(2428, 3, 1, 3, 0),
(2429, 4, 1, 3, 0),
(2430, 5, 1, 3, 0),
(2431, 6, 1, 3, 0),
(2432, 7, 1, 3, 0),
(2433, 8, 1, 3, 0),
(2434, 9, 1, 3, 0),
(2435, 10, 1, 3, 0),
(2436, 11, 1, 3, 0),
(2437, 12, 1, 3, 0),
(2438, 13, 1, 3, 0),
(2439, 14, 1, 3, 0),
(2440, 15, 1, 3, 0),
(2441, 16, 1, 3, 0),
(2442, 17, 1, 3, 0),
(2443, 18, 1, 3, 0),
(2444, 19, 1, 3, 0),
(2445, 20, 1, 3, 0),
(2446, 21, 1, 3, 0),
(2447, 22, 1, 3, 0),
(2448, 23, 1, 3, 0),
(2449, 0, 2, 3, 0),
(2450, 1, 2, 3, 1),
(2451, 2, 2, 3, 1),
(2452, 3, 2, 3, 1),
(2453, 4, 2, 3, 4),
(2454, 5, 2, 3, 1),
(2455, 6, 2, 3, 4),
(2456, 7, 2, 3, 1),
(2457, 8, 2, 3, 4),
(2458, 9, 2, 3, 1),
(2459, 10, 2, 3, 0),
(2460, 11, 2, 3, 1),
(2461, 12, 2, 3, 1),
(2462, 13, 2, 3, 1),
(2463, 14, 2, 3, 4),
(2464, 15, 2, 3, 1),
(2465, 16, 2, 3, 1),
(2466, 17, 2, 3, 1),
(2467, 18, 2, 3, 1),
(2468, 19, 2, 3, 1),
(2469, 20, 2, 3, 1),
(2470, 21, 2, 3, 1),
(2471, 22, 2, 3, 1),
(2472, 23, 2, 3, 0),
(2473, 0, 3, 3, 0),
(2474, 1, 3, 3, 1),
(2475, 2, 3, 3, 1),
(2476, 3, 3, 3, 1),
(2477, 4, 3, 3, 1),
(2478, 5, 3, 3, 1),
(2479, 6, 3, 3, 1),
(2480, 7, 3, 3, 1),
(2481, 8, 3, 3, 1),
(2482, 9, 3, 3, 1),
(2483, 10, 3, 3, 0),
(2484, 11, 3, 3, 1),
(2485, 12, 3, 3, 1),
(2486, 13, 3, 3, 1),
(2487, 14, 3, 3, 1),
(2488, 15, 3, 3, 1),
(2489, 16, 3, 3, 1),
(2490, 17, 3, 3, 4),
(2491, 18, 3, 3, 1),
(2492, 19, 3, 3, 4),
(2493, 20, 3, 3, 1),
(2494, 21, 3, 3, 1),
(2495, 22, 3, 3, 1),
(2496, 23, 3, 3, 0),
(2497, 0, 4, 3, 0),
(2498, 1, 4, 3, 1),
(2499, 2, 4, 3, 1),
(2500, 3, 4, 3, 4),
(2501, 4, 4, 3, 1),
(2502, 5, 4, 3, 1),
(2503, 6, 4, 3, 3),
(2504, 7, 4, 3, 1),
(2505, 8, 4, 3, 1),
(2506, 9, 4, 3, 2),
(2507, 10, 4, 3, 0),
(2508, 11, 4, 3, 2),
(2509, 12, 4, 3, 1),
(2510, 13, 4, 3, 1),
(2511, 14, 4, 3, 4),
(2512, 15, 4, 3, 4),
(2513, 16, 4, 3, 1),
(2514, 17, 4, 3, 1),
(2515, 18, 4, 3, 1),
(2516, 19, 4, 3, 1),
(2517, 20, 4, 3, 1),
(2518, 21, 4, 3, 4),
(2519, 22, 4, 3, 0),
(2520, 23, 4, 3, 0),
(2521, 0, 5, 3, 0),
(2522, 1, 5, 3, 1),
(2523, 2, 5, 3, 1),
(2524, 3, 5, 3, 4),
(2525, 4, 5, 3, 1),
(2526, 5, 5, 3, 1),
(2527, 6, 5, 3, 1),
(2528, 7, 5, 3, 1),
(2529, 8, 5, 3, 1),
(2530, 9, 5, 3, 1),
(2531, 10, 5, 3, 0),
(2532, 11, 5, 3, 1),
(2533, 12, 5, 3, 1),
(2534, 13, 5, 3, 1),
(2535, 14, 5, 3, 1),
(2536, 15, 5, 3, 1),
(2537, 16, 5, 3, 2),
(2538, 17, 5, 3, 3),
(2539, 18, 5, 3, 1),
(2540, 19, 5, 3, 1),
(2541, 20, 5, 3, 1),
(2542, 21, 5, 3, 1),
(2543, 22, 5, 3, 1),
(2544, 23, 5, 3, 0),
(2545, 0, 6, 3, 0),
(2546, 1, 6, 3, 1),
(2547, 2, 6, 3, 3),
(2548, 3, 6, 3, 1),
(2549, 4, 6, 3, 2),
(2550, 5, 6, 3, 1),
(2551, 6, 6, 3, 1),
(2552, 7, 6, 3, 1),
(2553, 8, 6, 3, 3),
(2554, 9, 6, 3, 1),
(2555, 10, 6, 3, 0),
(2556, 11, 6, 3, 0),
(2557, 12, 6, 3, 1),
(2558, 13, 6, 3, 1),
(2559, 14, 6, 3, 0),
(2560, 15, 6, 3, 0),
(2561, 16, 6, 3, 1),
(2562, 17, 6, 3, 1),
(2563, 18, 6, 3, 1),
(2564, 19, 6, 3, 1),
(2565, 20, 6, 3, 1),
(2566, 21, 6, 3, 0),
(2567, 22, 6, 3, 0),
(2568, 23, 6, 3, 0),
(2569, 0, 7, 3, 0),
(2570, 1, 7, 3, 1),
(2571, 2, 7, 3, 1),
(2572, 3, 7, 3, 1),
(2573, 4, 7, 3, 1),
(2574, 5, 7, 3, 1),
(2575, 6, 7, 3, 1),
(2576, 7, 7, 3, 1),
(2577, 8, 7, 3, 1),
(2578, 9, 7, 3, 1),
(2579, 10, 7, 3, 1),
(2580, 11, 7, 3, 0),
(2581, 12, 7, 3, 0),
(2582, 13, 7, 3, 0),
(2583, 14, 7, 3, 0),
(2584, 15, 7, 3, 4),
(2585, 16, 7, 3, 1),
(2586, 17, 7, 3, 1),
(2587, 18, 7, 3, 1),
(2588, 19, 7, 3, 3),
(2589, 20, 7, 3, 1),
(2590, 21, 7, 3, 4),
(2591, 22, 7, 3, 1),
(2592, 23, 7, 3, 0),
(2593, 0, 8, 3, 0),
(2594, 1, 8, 3, 1),
(2595, 2, 8, 3, 2),
(2596, 3, 8, 3, 1),
(2597, 4, 8, 3, 1),
(2598, 5, 8, 3, 1),
(2599, 6, 8, 3, 1),
(2600, 7, 8, 3, 0),
(2601, 8, 8, 3, 1),
(2602, 9, 8, 3, 3),
(2603, 10, 8, 3, 4),
(2604, 11, 8, 3, 1),
(2605, 12, 8, 3, 2),
(2606, 13, 8, 3, 4),
(2607, 14, 8, 3, 1),
(2608, 15, 8, 3, 1),
(2609, 16, 8, 3, 1),
(2610, 17, 8, 3, 2),
(2611, 18, 8, 3, 2),
(2612, 19, 8, 3, 1),
(2613, 20, 8, 3, 4),
(2614, 21, 8, 3, 1),
(2615, 22, 8, 3, 1),
(2616, 23, 8, 3, 0),
(2617, 0, 9, 3, 0),
(2618, 1, 9, 3, 1),
(2619, 2, 9, 3, 1),
(2620, 3, 9, 3, 1),
(2621, 4, 9, 3, 1),
(2622, 5, 9, 3, 3),
(2623, 6, 9, 3, 1),
(2624, 7, 9, 3, 0),
(2625, 8, 9, 3, 1),
(2626, 9, 9, 3, 1),
(2627, 10, 9, 3, 1),
(2628, 11, 9, 3, 1),
(2629, 12, 9, 3, 1),
(2630, 13, 9, 3, 1),
(2631, 14, 9, 3, 1),
(2632, 15, 9, 3, 1),
(2633, 16, 9, 3, 1),
(2634, 17, 9, 3, 3),
(2635, 18, 9, 3, 1),
(2636, 19, 9, 3, 1),
(2637, 20, 9, 3, 1),
(2638, 21, 9, 3, 1),
(2639, 22, 9, 3, 1),
(2640, 23, 9, 3, 0),
(2641, 0, 10, 3, 0),
(2642, 1, 10, 3, 1),
(2643, 2, 10, 3, 2),
(2644, 3, 10, 3, 3),
(2645, 4, 10, 3, 4),
(2646, 5, 10, 3, 1),
(2647, 6, 10, 3, 1),
(2648, 7, 10, 3, 1),
(2649, 8, 10, 3, 1),
(2650, 9, 10, 3, 1),
(2651, 10, 10, 3, 1),
(2652, 11, 10, 3, 1),
(2653, 12, 10, 3, 1),
(2654, 13, 10, 3, 1),
(2655, 14, 10, 3, 1),
(2656, 15, 10, 3, 2),
(2657, 16, 10, 3, 1),
(2658, 17, 10, 3, 1),
(2659, 18, 10, 3, 1),
(2660, 19, 10, 3, 1),
(2661, 20, 10, 3, 1),
(2662, 21, 10, 3, 1),
(2663, 22, 10, 3, 2),
(2664, 23, 10, 3, 0),
(2665, 0, 11, 3, 0),
(2666, 1, 11, 3, 2),
(2667, 2, 11, 3, 1),
(2668, 3, 11, 3, 1),
(2669, 4, 11, 3, 1),
(2670, 5, 11, 3, 1),
(2671, 6, 11, 3, 2),
(2672, 7, 11, 3, 1),
(2673, 8, 11, 3, 2),
(2674, 9, 11, 3, 1),
(2675, 10, 11, 3, 1),
(2676, 11, 11, 3, 1),
(2677, 12, 11, 3, 1),
(2678, 13, 11, 3, 1),
(2679, 14, 11, 3, 1),
(2680, 15, 11, 3, 1),
(2681, 16, 11, 3, 3),
(2682, 17, 11, 3, 1),
(2683, 18, 11, 3, 1),
(2684, 19, 11, 3, 1),
(2685, 20, 11, 3, 4),
(2686, 21, 11, 3, 1),
(2687, 22, 11, 3, 1),
(2688, 23, 11, 3, 0),
(2689, 0, 12, 3, 0),
(2690, 1, 12, 3, 1),
(2691, 2, 12, 3, 1),
(2692, 3, 12, 3, 4),
(2693, 4, 12, 3, 1),
(2694, 5, 12, 3, 2),
(2695, 6, 12, 3, 1),
(2696, 7, 12, 3, 1),
(2697, 8, 12, 3, 2),
(2698, 9, 12, 3, 1),
(2699, 10, 12, 3, 1),
(2700, 11, 12, 3, 4),
(2701, 12, 12, 3, 4),
(2702, 13, 12, 3, 1),
(2703, 14, 12, 3, 1),
(2704, 15, 12, 3, 1),
(2705, 16, 12, 3, 1),
(2706, 17, 12, 3, 4),
(2707, 18, 12, 3, 4),
(2708, 19, 12, 3, 1),
(2709, 20, 12, 3, 1),
(2710, 21, 12, 3, 2),
(2711, 22, 12, 3, 1),
(2712, 23, 12, 3, 0),
(2713, 0, 13, 3, 0),
(2714, 1, 13, 3, 1),
(2715, 2, 13, 3, 1),
(2716, 3, 13, 3, 1),
(2717, 4, 13, 3, 1),
(2718, 5, 13, 3, 1),
(2719, 6, 13, 3, 1),
(2720, 7, 13, 3, 1),
(2721, 8, 13, 3, 1),
(2722, 9, 13, 3, 1),
(2723, 10, 13, 3, 1),
(2724, 11, 13, 3, 1),
(2725, 12, 13, 3, 1),
(2726, 13, 13, 3, 1),
(2727, 14, 13, 3, 4),
(2728, 15, 13, 3, 4),
(2729, 16, 13, 3, 4),
(2730, 17, 13, 3, 1),
(2731, 18, 13, 3, 1),
(2732, 19, 13, 3, 1),
(2733, 20, 13, 3, 3),
(2734, 21, 13, 3, 1),
(2735, 22, 13, 3, 0),
(2736, 23, 13, 3, 0),
(2737, 0, 14, 3, 0),
(2738, 1, 14, 3, 1),
(2739, 2, 14, 3, 1),
(2740, 3, 14, 3, 1),
(2741, 4, 14, 3, 1),
(2742, 5, 14, 3, 1),
(2743, 6, 14, 3, 3),
(2744, 7, 14, 3, 1),
(2745, 8, 14, 3, 1),
(2746, 9, 14, 3, 1),
(2747, 10, 14, 3, 1),
(2748, 11, 14, 3, 3),
(2749, 12, 14, 3, 1),
(2750, 13, 14, 3, 1),
(2751, 14, 14, 3, 1),
(2752, 15, 14, 3, 1),
(2753, 16, 14, 3, 1),
(2754, 17, 14, 3, 1),
(2755, 18, 14, 3, 1),
(2756, 19, 14, 3, 1),
(2757, 20, 14, 3, 0),
(2758, 21, 14, 3, 0),
(2759, 22, 14, 3, 0),
(2760, 23, 14, 3, 0),
(2761, 0, 15, 3, 0),
(2762, 1, 15, 3, 1),
(2763, 2, 15, 3, 1),
(2764, 3, 15, 3, 1),
(2765, 4, 15, 3, 1),
(2766, 5, 15, 3, 1),
(2767, 6, 15, 3, 1),
(2768, 7, 15, 3, 1),
(2769, 8, 15, 3, 4),
(2770, 9, 15, 3, 1),
(2771, 10, 15, 3, 4),
(2772, 11, 15, 3, 1),
(2773, 12, 15, 3, 1),
(2774, 13, 15, 3, 4),
(2775, 14, 15, 3, 2),
(2776, 15, 15, 3, 2),
(2777, 16, 15, 3, 1),
(2778, 17, 15, 3, 3),
(2779, 18, 15, 3, 1),
(2780, 19, 15, 3, 1),
(2781, 20, 15, 3, 1),
(2782, 21, 15, 3, 1),
(2783, 22, 15, 3, 1),
(2784, 23, 15, 3, 0),
(2785, 0, 16, 3, 0),
(2786, 1, 16, 3, 1),
(2787, 2, 16, 3, 1),
(2788, 3, 16, 3, 1),
(2789, 4, 16, 3, 1),
(2790, 5, 16, 3, 1),
(2791, 6, 16, 3, 2),
(2792, 7, 16, 3, 1),
(2793, 8, 16, 3, 1),
(2794, 9, 16, 3, 1),
(2795, 10, 16, 3, 1),
(2796, 11, 16, 3, 1),
(2797, 12, 16, 3, 2),
(2798, 13, 16, 3, 1),
(2799, 14, 16, 3, 2),
(2800, 15, 16, 3, 2),
(2801, 16, 16, 3, 1),
(2802, 17, 16, 3, 1),
(2803, 18, 16, 3, 0),
(2804, 19, 16, 3, 1),
(2805, 20, 16, 3, 1),
(2806, 21, 16, 3, 1),
(2807, 22, 16, 3, 1),
(2808, 23, 16, 3, 0),
(2809, 0, 17, 3, 0),
(2810, 1, 17, 3, 1),
(2811, 2, 17, 3, 1),
(2812, 3, 17, 3, 1),
(2813, 4, 17, 3, 1),
(2814, 5, 17, 3, 1),
(2815, 6, 17, 3, 2),
(2816, 7, 17, 3, 2),
(2817, 8, 17, 3, 1),
(2818, 9, 17, 3, 1),
(2819, 10, 17, 3, 1),
(2820, 11, 17, 3, 1),
(2821, 12, 17, 3, 1),
(2822, 13, 17, 3, 1),
(2823, 14, 17, 3, 1),
(2824, 15, 17, 3, 1),
(2825, 16, 17, 3, 1),
(2826, 17, 17, 3, 1),
(2827, 18, 17, 3, 0),
(2828, 19, 17, 3, 1),
(2829, 20, 17, 3, 1),
(2830, 21, 17, 3, 1),
(2831, 22, 17, 3, 1),
(2832, 23, 17, 3, 0),
(2833, 0, 18, 3, 0),
(2834, 1, 18, 3, 0),
(2835, 2, 18, 3, 0),
(2836, 3, 18, 3, 0),
(2837, 4, 18, 3, 0),
(2838, 5, 18, 3, 0),
(2839, 6, 18, 3, 0),
(2840, 7, 18, 3, 0),
(2841, 8, 18, 3, 0),
(2842, 9, 18, 3, 0),
(2843, 10, 18, 3, 0),
(2844, 11, 18, 3, 0),
(2845, 12, 18, 3, 0),
(2846, 13, 18, 3, 0),
(2847, 14, 18, 3, 0),
(2848, 15, 18, 3, 0),
(2849, 16, 18, 3, 0),
(2850, 17, 18, 3, 0),
(2851, 18, 18, 3, 0),
(2852, 19, 18, 3, 0),
(2853, 20, 18, 3, 0),
(2854, 21, 18, 3, 0),
(2855, 22, 18, 3, 0),
(2856, 23, 18, 3, 0),
(2857, 0, 19, 3, 1),
(2858, 1, 19, 3, 1),
(2859, 2, 19, 3, 1),
(2860, 3, 19, 3, 1),
(2861, 4, 19, 3, 1),
(2862, 5, 19, 3, 1),
(2863, 6, 19, 3, 1),
(2864, 7, 19, 3, 1),
(2865, 8, 19, 3, 1),
(2866, 9, 19, 3, 1),
(2867, 10, 19, 3, 1),
(2868, 11, 19, 3, 1),
(2869, 12, 19, 3, 1),
(2870, 13, 19, 3, 1),
(2871, 14, 19, 3, 1),
(2872, 15, 19, 3, 1),
(2873, 16, 19, 3, 1),
(2874, 17, 19, 3, 1),
(2875, 18, 19, 3, 1),
(2876, 19, 19, 3, 1),
(2877, 20, 19, 3, 1),
(2878, 21, 19, 3, 1),
(2879, 22, 19, 3, 1),
(2880, 23, 19, 3, 1),
(2881, 0, 0, 4, 1),
(2882, 1, 0, 4, 1),
(2883, 2, 0, 4, 1),
(2884, 3, 0, 4, 1),
(2885, 4, 0, 4, 1),
(2886, 5, 0, 4, 1),
(2887, 6, 0, 4, 1),
(2888, 7, 0, 4, 1),
(2889, 8, 0, 4, 1),
(2890, 9, 0, 4, 1),
(2891, 10, 0, 4, 1),
(2892, 11, 0, 4, 1),
(2893, 12, 0, 4, 1),
(2894, 13, 0, 4, 1),
(2895, 14, 0, 4, 1),
(2896, 15, 0, 4, 1),
(2897, 16, 0, 4, 1),
(2898, 17, 0, 4, 1),
(2899, 18, 0, 4, 1),
(2900, 19, 0, 4, 1),
(2901, 20, 0, 4, 1),
(2902, 21, 0, 4, 1),
(2903, 22, 0, 4, 1),
(2904, 23, 0, 4, 1),
(2905, 0, 1, 4, 0),
(2906, 1, 1, 4, 0),
(2907, 2, 1, 4, 0),
(2908, 3, 1, 4, 0),
(2909, 4, 1, 4, 0),
(2910, 5, 1, 4, 0),
(2911, 6, 1, 4, 0),
(2912, 7, 1, 4, 0),
(2913, 8, 1, 4, 0),
(2914, 9, 1, 4, 0),
(2915, 10, 1, 4, 0),
(2916, 11, 1, 4, 0),
(2917, 12, 1, 4, 0),
(2918, 13, 1, 4, 0),
(2919, 14, 1, 4, 0),
(2920, 15, 1, 4, 0),
(2921, 16, 1, 4, 0),
(2922, 17, 1, 4, 0),
(2923, 18, 1, 4, 0),
(2924, 19, 1, 4, 0),
(2925, 20, 1, 4, 0),
(2926, 21, 1, 4, 0),
(2927, 22, 1, 4, 0),
(2928, 23, 1, 4, 0),
(2929, 0, 2, 4, 1),
(2930, 1, 2, 4, 0),
(2931, 2, 2, 4, 1),
(2932, 3, 2, 4, 1),
(2933, 4, 2, 4, 1),
(2934, 5, 2, 4, 1),
(2935, 6, 2, 4, 1),
(2936, 7, 2, 4, 1),
(2937, 8, 2, 4, 1),
(2938, 9, 2, 4, 1),
(2939, 10, 2, 4, 1),
(2940, 11, 2, 4, 1),
(2941, 12, 2, 4, 1),
(2942, 13, 2, 4, 1),
(2943, 14, 2, 4, 1),
(2944, 15, 2, 4, 1),
(2945, 16, 2, 4, 1),
(2946, 17, 2, 4, 1),
(2947, 18, 2, 4, 1),
(2948, 19, 2, 4, 1),
(2949, 20, 2, 4, 2),
(2950, 21, 2, 4, 2),
(2951, 22, 2, 4, 0),
(2952, 23, 2, 4, 1),
(2953, 0, 3, 4, 1),
(2954, 1, 3, 4, 0),
(2955, 2, 3, 4, 1),
(2956, 3, 3, 4, 1),
(2957, 4, 3, 4, 2),
(2958, 5, 3, 4, 2),
(2959, 6, 3, 4, 1),
(2960, 7, 3, 4, 1),
(2961, 8, 3, 4, 1),
(2962, 9, 3, 4, 1),
(2963, 10, 3, 4, 1),
(2964, 11, 3, 4, 1),
(2965, 12, 3, 4, 1),
(2966, 13, 3, 4, 1),
(2967, 14, 3, 4, 1),
(2968, 15, 3, 4, 1),
(2969, 16, 3, 4, 1),
(2970, 17, 3, 4, 1),
(2971, 18, 3, 4, 4),
(2972, 19, 3, 4, 1),
(2973, 20, 3, 4, 4),
(2974, 21, 3, 4, 1),
(2975, 22, 3, 4, 0),
(2976, 23, 3, 4, 1),
(2977, 0, 4, 4, 1),
(2978, 1, 4, 4, 0),
(2979, 2, 4, 4, 1),
(2980, 3, 4, 4, 4),
(2981, 4, 4, 4, 1),
(2982, 5, 4, 4, 1),
(2983, 6, 4, 4, 1),
(2984, 7, 4, 4, 1),
(2985, 8, 4, 4, 1),
(2986, 9, 4, 4, 1),
(2987, 10, 4, 4, 1),
(2988, 11, 4, 4, 1),
(2989, 12, 4, 4, 1),
(2990, 13, 4, 4, 1),
(2991, 14, 4, 4, 1),
(2992, 15, 4, 4, 2),
(2993, 16, 4, 4, 1),
(2994, 17, 4, 4, 1),
(2995, 18, 4, 4, 1),
(2996, 19, 4, 4, 1),
(2997, 20, 4, 4, 1),
(2998, 21, 4, 4, 1),
(2999, 22, 4, 4, 0),
(3000, 23, 4, 4, 1),
(3001, 0, 5, 4, 1),
(3002, 1, 5, 4, 0),
(3003, 2, 5, 4, 1),
(3004, 3, 5, 4, 1),
(3005, 4, 5, 4, 4),
(3006, 5, 5, 4, 1),
(3007, 6, 5, 4, 1),
(3008, 7, 5, 4, 1),
(3009, 8, 5, 4, 1),
(3010, 9, 5, 4, 1),
(3011, 10, 5, 4, 1),
(3012, 11, 5, 4, 4),
(3013, 12, 5, 4, 1),
(3014, 13, 5, 4, 1),
(3015, 14, 5, 4, 1),
(3016, 15, 5, 4, 1),
(3017, 16, 5, 4, 1),
(3018, 17, 5, 4, 1),
(3019, 18, 5, 4, 1),
(3020, 19, 5, 4, 1),
(3021, 20, 5, 4, 3),
(3022, 21, 5, 4, 1),
(3023, 22, 5, 4, 0),
(3024, 23, 5, 4, 1),
(3025, 0, 6, 4, 1),
(3026, 1, 6, 4, 0),
(3027, 2, 6, 4, 1),
(3028, 3, 6, 4, 1),
(3029, 4, 6, 4, 3),
(3030, 5, 6, 4, 1),
(3031, 6, 6, 4, 1),
(3032, 7, 6, 4, 1),
(3033, 8, 6, 4, 1),
(3034, 9, 6, 4, 1),
(3035, 10, 6, 4, 1),
(3036, 11, 6, 4, 3),
(3037, 12, 6, 4, 1),
(3038, 13, 6, 4, 1),
(3039, 14, 6, 4, 1),
(3040, 15, 6, 4, 1),
(3041, 16, 6, 4, 1),
(3042, 17, 6, 4, 1),
(3043, 18, 6, 4, 3),
(3044, 19, 6, 4, 1),
(3045, 20, 6, 4, 1),
(3046, 21, 6, 4, 1),
(3047, 22, 6, 4, 0),
(3048, 23, 6, 4, 1),
(3049, 0, 7, 4, 1),
(3050, 1, 7, 4, 0),
(3051, 2, 7, 4, 1),
(3052, 3, 7, 4, 4),
(3053, 4, 7, 4, 1),
(3054, 5, 7, 4, 1),
(3055, 6, 7, 4, 1),
(3056, 7, 7, 4, 1),
(3057, 8, 7, 4, 1),
(3058, 9, 7, 4, 1),
(3059, 10, 7, 4, 1),
(3060, 11, 7, 4, 1),
(3061, 12, 7, 4, 1),
(3062, 13, 7, 4, 1),
(3063, 14, 7, 4, 1),
(3064, 15, 7, 4, 4),
(3065, 16, 7, 4, 1),
(3066, 17, 7, 4, 1),
(3067, 18, 7, 4, 1),
(3068, 19, 7, 4, 1),
(3069, 20, 7, 4, 1),
(3070, 21, 7, 4, 1),
(3071, 22, 7, 4, 0),
(3072, 23, 7, 4, 1),
(3073, 0, 8, 4, 1),
(3074, 1, 8, 4, 0),
(3075, 2, 8, 4, 1),
(3076, 3, 8, 4, 1),
(3077, 4, 8, 4, 1),
(3078, 5, 8, 4, 1),
(3079, 6, 8, 4, 1),
(3080, 7, 8, 4, 1),
(3081, 8, 8, 4, 1),
(3082, 9, 8, 4, 1),
(3083, 10, 8, 4, 2),
(3084, 11, 8, 4, 2),
(3085, 12, 8, 4, 2),
(3086, 13, 8, 4, 2),
(3087, 14, 8, 4, 1),
(3088, 15, 8, 4, 1),
(3089, 16, 8, 4, 1),
(3090, 17, 8, 4, 1),
(3091, 18, 8, 4, 1),
(3092, 19, 8, 4, 1),
(3093, 20, 8, 4, 1),
(3094, 21, 8, 4, 1),
(3095, 22, 8, 4, 0),
(3096, 23, 8, 4, 1),
(3097, 0, 9, 4, 1),
(3098, 1, 9, 4, 0),
(3099, 2, 9, 4, 1),
(3100, 3, 9, 4, 3),
(3101, 4, 9, 4, 1),
(3102, 5, 9, 4, 1),
(3103, 6, 9, 4, 4),
(3104, 7, 9, 4, 4),
(3105, 8, 9, 4, 1),
(3106, 9, 9, 4, 1),
(3107, 10, 9, 4, 2),
(3108, 11, 9, 4, 2),
(3109, 12, 9, 4, 2),
(3110, 13, 9, 4, 2),
(3111, 14, 9, 4, 1),
(3112, 15, 9, 4, 1),
(3113, 16, 9, 4, 3),
(3114, 17, 9, 4, 3),
(3115, 18, 9, 4, 1),
(3116, 19, 9, 4, 1),
(3117, 20, 9, 4, 4),
(3118, 21, 9, 4, 1),
(3119, 22, 9, 4, 0),
(3120, 23, 9, 4, 1),
(3121, 0, 10, 4, 1),
(3122, 1, 10, 4, 0),
(3123, 2, 10, 4, 1),
(3124, 3, 10, 4, 1),
(3125, 4, 10, 4, 1),
(3126, 5, 10, 4, 1),
(3127, 6, 10, 4, 1),
(3128, 7, 10, 4, 1),
(3129, 8, 10, 4, 1),
(3130, 9, 10, 4, 1),
(3131, 10, 10, 4, 2),
(3132, 11, 10, 4, 2),
(3133, 12, 10, 4, 2),
(3134, 13, 10, 4, 2),
(3135, 14, 10, 4, 1),
(3136, 15, 10, 4, 1),
(3137, 16, 10, 4, 1),
(3138, 17, 10, 4, 1),
(3139, 18, 10, 4, 1),
(3140, 19, 10, 4, 4),
(3141, 20, 10, 4, 1),
(3142, 21, 10, 4, 1),
(3143, 22, 10, 4, 0),
(3144, 23, 10, 4, 1),
(3145, 0, 11, 4, 1),
(3146, 1, 11, 4, 0),
(3147, 2, 11, 4, 1),
(3148, 3, 11, 4, 1),
(3149, 4, 11, 4, 1),
(3150, 5, 11, 4, 1),
(3151, 6, 11, 4, 3),
(3152, 7, 11, 4, 3),
(3153, 8, 11, 4, 1),
(3154, 9, 11, 4, 1),
(3155, 10, 11, 4, 1),
(3156, 11, 11, 4, 1),
(3157, 12, 11, 4, 1),
(3158, 13, 11, 4, 1),
(3159, 14, 11, 4, 1),
(3160, 15, 11, 4, 1),
(3161, 16, 11, 4, 1),
(3162, 17, 11, 4, 4),
(3163, 18, 11, 4, 1),
(3164, 19, 11, 4, 1),
(3165, 20, 11, 4, 1),
(3166, 21, 11, 4, 1),
(3167, 22, 11, 4, 0),
(3168, 23, 11, 4, 1),
(3169, 0, 12, 4, 1),
(3170, 1, 12, 4, 0),
(3171, 2, 12, 4, 1),
(3172, 3, 12, 4, 1),
(3173, 4, 12, 4, 1),
(3174, 5, 12, 4, 1),
(3175, 6, 12, 4, 1),
(3176, 7, 12, 4, 1),
(3177, 8, 12, 4, 4),
(3178, 9, 12, 4, 1),
(3179, 10, 12, 4, 1),
(3180, 11, 12, 4, 1),
(3181, 12, 12, 4, 1),
(3182, 13, 12, 4, 1),
(3183, 14, 12, 4, 1),
(3184, 15, 12, 4, 1),
(3185, 16, 12, 4, 1),
(3186, 17, 12, 4, 1),
(3187, 18, 12, 4, 1),
(3188, 19, 12, 4, 1),
(3189, 20, 12, 4, 3),
(3190, 21, 12, 4, 1),
(3191, 22, 12, 4, 0),
(3192, 23, 12, 4, 1),
(3193, 0, 13, 4, 1),
(3194, 1, 13, 4, 0),
(3195, 2, 13, 4, 1),
(3196, 3, 13, 4, 1),
(3197, 4, 13, 4, 4),
(3198, 5, 13, 4, 1),
(3199, 6, 13, 4, 4),
(3200, 7, 13, 4, 1),
(3201, 8, 13, 4, 1),
(3202, 9, 13, 4, 1),
(3203, 10, 13, 4, 1),
(3204, 11, 13, 4, 4),
(3205, 12, 13, 4, 1),
(3206, 13, 13, 4, 1),
(3207, 14, 13, 4, 1),
(3208, 15, 13, 4, 1),
(3209, 16, 13, 4, 1),
(3210, 17, 13, 4, 3),
(3211, 18, 13, 4, 1),
(3212, 19, 13, 4, 1),
(3213, 20, 13, 4, 1),
(3214, 21, 13, 4, 1),
(3215, 22, 13, 4, 0),
(3216, 23, 13, 4, 1),
(3217, 0, 14, 4, 1),
(3218, 1, 14, 4, 0),
(3219, 2, 14, 4, 2),
(3220, 3, 14, 4, 2),
(3221, 4, 14, 4, 1),
(3222, 5, 14, 4, 1),
(3223, 6, 14, 4, 1),
(3224, 7, 14, 4, 1),
(3225, 8, 14, 4, 3),
(3226, 9, 14, 4, 1),
(3227, 10, 14, 4, 1),
(3228, 11, 14, 4, 1),
(3229, 12, 14, 4, 1),
(3230, 13, 14, 4, 1),
(3231, 14, 14, 4, 1),
(3232, 15, 14, 4, 1),
(3233, 16, 14, 4, 4),
(3234, 17, 14, 4, 1),
(3235, 18, 14, 4, 1),
(3236, 19, 14, 4, 1),
(3237, 20, 14, 4, 4),
(3238, 21, 14, 4, 1),
(3239, 22, 14, 4, 0),
(3240, 23, 14, 4, 1),
(3241, 0, 15, 4, 1),
(3242, 1, 15, 4, 0),
(3243, 2, 15, 4, 2),
(3244, 3, 15, 4, 1),
(3245, 4, 15, 4, 3),
(3246, 5, 15, 4, 1),
(3247, 6, 15, 4, 1),
(3248, 7, 15, 4, 1),
(3249, 8, 15, 4, 1),
(3250, 9, 15, 4, 1),
(3251, 10, 15, 4, 1),
(3252, 11, 15, 4, 3),
(3253, 12, 15, 4, 1),
(3254, 13, 15, 4, 1),
(3255, 14, 15, 4, 1),
(3256, 15, 15, 4, 1),
(3257, 16, 15, 4, 1),
(3258, 17, 15, 4, 1),
(3259, 18, 15, 4, 1),
(3260, 19, 15, 4, 4),
(3261, 20, 15, 4, 1),
(3262, 21, 15, 4, 1),
(3263, 22, 15, 4, 0),
(3264, 23, 15, 4, 1),
(3265, 0, 16, 4, 1),
(3266, 1, 16, 4, 0),
(3267, 2, 16, 4, 1),
(3268, 3, 16, 4, 1),
(3269, 4, 16, 4, 1),
(3270, 5, 16, 4, 1),
(3271, 6, 16, 4, 3),
(3272, 7, 16, 4, 1),
(3273, 8, 16, 4, 1),
(3274, 9, 16, 4, 1),
(3275, 10, 16, 4, 1),
(3276, 11, 16, 4, 1),
(3277, 12, 16, 4, 1),
(3278, 13, 16, 4, 1),
(3279, 14, 16, 4, 1),
(3280, 15, 16, 4, 1),
(3281, 16, 16, 4, 3),
(3282, 17, 16, 4, 1),
(3283, 18, 16, 4, 1),
(3284, 19, 16, 4, 1),
(3285, 20, 16, 4, 1),
(3286, 21, 16, 4, 1),
(3287, 22, 16, 4, 0),
(3288, 23, 16, 4, 1),
(3289, 0, 17, 4, 1),
(3290, 1, 17, 4, 0),
(3291, 2, 17, 4, 1),
(3292, 3, 17, 4, 1),
(3293, 4, 17, 4, 1),
(3294, 5, 17, 4, 1),
(3295, 6, 17, 4, 1),
(3296, 7, 17, 4, 1),
(3297, 8, 17, 4, 1),
(3298, 9, 17, 4, 1),
(3299, 10, 17, 4, 1),
(3300, 11, 17, 4, 1),
(3301, 12, 17, 4, 1),
(3302, 13, 17, 4, 1),
(3303, 14, 17, 4, 1),
(3304, 15, 17, 4, 1),
(3305, 16, 17, 4, 1),
(3306, 17, 17, 4, 1),
(3307, 18, 17, 4, 1),
(3308, 19, 17, 4, 1),
(3309, 20, 17, 4, 1),
(3310, 21, 17, 4, 1),
(3311, 22, 17, 4, 0),
(3312, 23, 17, 4, 1),
(3313, 0, 18, 4, 0),
(3314, 1, 18, 4, 0),
(3315, 2, 18, 4, 0),
(3316, 3, 18, 4, 0),
(3317, 4, 18, 4, 0),
(3318, 5, 18, 4, 0),
(3319, 6, 18, 4, 0),
(3320, 7, 18, 4, 0),
(3321, 8, 18, 4, 0),
(3322, 9, 18, 4, 0),
(3323, 10, 18, 4, 0),
(3324, 11, 18, 4, 0),
(3325, 12, 18, 4, 0),
(3326, 13, 18, 4, 0),
(3327, 14, 18, 4, 0),
(3328, 15, 18, 4, 0),
(3329, 16, 18, 4, 0),
(3330, 17, 18, 4, 0),
(3331, 18, 18, 4, 0),
(3332, 19, 18, 4, 0),
(3333, 20, 18, 4, 0),
(3334, 21, 18, 4, 0),
(3335, 22, 18, 4, 0),
(3336, 23, 18, 4, 0),
(3337, 0, 19, 4, 1),
(3338, 1, 19, 4, 1),
(3339, 2, 19, 4, 1),
(3340, 3, 19, 4, 1),
(3341, 4, 19, 4, 1),
(3342, 5, 19, 4, 1),
(3343, 6, 19, 4, 1),
(3344, 7, 19, 4, 1),
(3345, 8, 19, 4, 1),
(3346, 9, 19, 4, 1),
(3347, 10, 19, 4, 1),
(3348, 11, 19, 4, 1),
(3349, 12, 19, 4, 1),
(3350, 13, 19, 4, 1),
(3351, 14, 19, 4, 1),
(3352, 15, 19, 4, 1),
(3353, 16, 19, 4, 1),
(3354, 17, 19, 4, 1),
(3355, 18, 19, 4, 1),
(3356, 19, 19, 4, 1),
(3357, 20, 19, 4, 1),
(3358, 21, 19, 4, 1),
(3359, 22, 19, 4, 1),
(3360, 23, 19, 4, 1),
(3361, 0, 0, 5, 1),
(3362, 1, 0, 5, 1),
(3363, 2, 0, 5, 1),
(3364, 3, 0, 5, 1),
(3365, 4, 0, 5, 1),
(3366, 5, 0, 5, 1),
(3367, 6, 0, 5, 1),
(3368, 7, 0, 5, 1),
(3369, 8, 0, 5, 1),
(3370, 9, 0, 5, 1),
(3371, 10, 0, 5, 1),
(3372, 11, 0, 5, 1),
(3373, 12, 0, 5, 1),
(3374, 13, 0, 5, 1),
(3375, 14, 0, 5, 1),
(3376, 15, 0, 5, 1),
(3377, 16, 0, 5, 1),
(3378, 17, 0, 5, 1),
(3379, 18, 0, 5, 1),
(3380, 19, 0, 5, 1),
(3381, 20, 0, 5, 1),
(3382, 21, 0, 5, 1),
(3383, 22, 0, 5, 1),
(3384, 23, 0, 5, 1),
(3385, 0, 1, 5, 0),
(3386, 1, 1, 5, 0),
(3387, 2, 1, 5, 0),
(3388, 3, 1, 5, 0),
(3389, 4, 1, 5, 0),
(3390, 5, 1, 5, 0),
(3391, 6, 1, 5, 0),
(3392, 7, 1, 5, 0),
(3393, 8, 1, 5, 0),
(3394, 9, 1, 5, 0),
(3395, 10, 1, 5, 0),
(3396, 11, 1, 5, 0),
(3397, 12, 1, 5, 0),
(3398, 13, 1, 5, 0),
(3399, 14, 1, 5, 0),
(3400, 15, 1, 5, 0),
(3401, 16, 1, 5, 0),
(3402, 17, 1, 5, 0),
(3403, 18, 1, 5, 0),
(3404, 19, 1, 5, 0),
(3405, 20, 1, 5, 0),
(3406, 21, 1, 5, 0),
(3407, 22, 1, 5, 0),
(3408, 23, 1, 5, 0),
(3409, 0, 2, 5, 1),
(3410, 1, 2, 5, 0),
(3411, 2, 2, 5, 1),
(3412, 3, 2, 5, 1),
(3413, 4, 2, 5, 1),
(3414, 5, 2, 5, 1),
(3415, 6, 2, 5, 1),
(3416, 7, 2, 5, 1),
(3417, 8, 2, 5, 0),
(3418, 9, 2, 5, 1),
(3419, 10, 2, 5, 1),
(3420, 11, 2, 5, 1),
(3421, 12, 2, 5, 1),
(3422, 13, 2, 5, 4),
(3423, 14, 2, 5, 1),
(3424, 15, 2, 5, 1),
(3425, 16, 2, 5, 1),
(3426, 17, 2, 5, 1),
(3427, 18, 2, 5, 1),
(3428, 19, 2, 5, 1),
(3429, 20, 2, 5, 2),
(3430, 21, 2, 5, 2),
(3431, 22, 2, 5, 0),
(3432, 23, 2, 5, 1),
(3433, 0, 3, 5, 1),
(3434, 1, 3, 5, 0),
(3435, 2, 3, 5, 1),
(3436, 3, 3, 5, 1),
(3437, 4, 3, 5, 2),
(3438, 5, 3, 5, 2),
(3439, 6, 3, 5, 1),
(3440, 7, 3, 5, 1),
(3441, 8, 3, 5, 0),
(3442, 9, 3, 5, 1),
(3443, 10, 3, 5, 1),
(3444, 11, 3, 5, 1),
(3445, 12, 3, 5, 1),
(3446, 13, 3, 5, 1),
(3447, 14, 3, 5, 1),
(3448, 15, 3, 5, 1),
(3449, 16, 3, 5, 1),
(3450, 17, 3, 5, 1),
(3451, 18, 3, 5, 4),
(3452, 19, 3, 5, 1),
(3453, 20, 3, 5, 4),
(3454, 21, 3, 5, 1),
(3455, 22, 3, 5, 0),
(3456, 23, 3, 5, 1),
(3457, 0, 4, 5, 1),
(3458, 1, 4, 5, 0),
(3459, 2, 4, 5, 1),
(3460, 3, 4, 5, 4),
(3461, 4, 4, 5, 1),
(3462, 5, 4, 5, 1),
(3463, 6, 4, 5, 4),
(3464, 7, 4, 5, 1),
(3465, 8, 4, 5, 0),
(3466, 9, 4, 5, 1),
(3467, 10, 4, 5, 1),
(3468, 11, 4, 5, 1),
(3469, 12, 4, 5, 1),
(3470, 13, 4, 5, 3),
(3471, 14, 4, 5, 1),
(3472, 15, 4, 5, 2),
(3473, 16, 4, 5, 1),
(3474, 17, 4, 5, 1),
(3475, 18, 4, 5, 1),
(3476, 19, 4, 5, 1),
(3477, 20, 4, 5, 1),
(3478, 21, 4, 5, 1),
(3479, 22, 4, 5, 0),
(3480, 23, 4, 5, 1),
(3481, 0, 5, 5, 1),
(3482, 1, 5, 5, 0),
(3483, 2, 5, 5, 1),
(3484, 3, 5, 5, 1),
(3485, 4, 5, 5, 4),
(3486, 5, 5, 5, 1),
(3487, 6, 5, 5, 1),
(3488, 7, 5, 5, 1),
(3489, 8, 5, 5, 1),
(3490, 9, 5, 5, 1),
(3491, 10, 5, 5, 1),
(3492, 11, 5, 5, 4),
(3493, 12, 5, 5, 1),
(3494, 13, 5, 5, 1),
(3495, 14, 5, 5, 1),
(3496, 15, 5, 5, 3),
(3497, 16, 5, 5, 1),
(3498, 17, 5, 5, 1),
(3499, 18, 5, 5, 1),
(3500, 19, 5, 5, 1),
(3501, 20, 5, 5, 3),
(3502, 21, 5, 5, 1),
(3503, 22, 5, 5, 0),
(3504, 23, 5, 5, 1),
(3505, 0, 6, 5, 1),
(3506, 1, 6, 5, 0),
(3507, 2, 6, 5, 1),
(3508, 3, 6, 5, 1),
(3509, 4, 6, 5, 3),
(3510, 5, 6, 5, 1),
(3511, 6, 6, 5, 3),
(3512, 7, 6, 5, 1),
(3513, 8, 6, 5, 1),
(3514, 9, 6, 5, 1),
(3515, 10, 6, 5, 1),
(3516, 11, 6, 5, 3),
(3517, 12, 6, 5, 1),
(3518, 13, 6, 5, 1),
(3519, 14, 6, 5, 1),
(3520, 15, 6, 5, 1),
(3521, 16, 6, 5, 1),
(3522, 17, 6, 5, 1),
(3523, 18, 6, 5, 3),
(3524, 19, 6, 5, 1),
(3525, 20, 6, 5, 1),
(3526, 21, 6, 5, 1),
(3527, 22, 6, 5, 0),
(3528, 23, 6, 5, 1),
(3529, 0, 7, 5, 1),
(3530, 1, 7, 5, 0),
(3531, 2, 7, 5, 1),
(3532, 3, 7, 5, 4),
(3533, 4, 7, 5, 1),
(3534, 5, 7, 5, 1),
(3535, 6, 7, 5, 1),
(3536, 7, 7, 5, 1),
(3537, 8, 7, 5, 0),
(3538, 9, 7, 5, 1),
(3539, 10, 7, 5, 1),
(3540, 11, 7, 5, 1),
(3541, 12, 7, 5, 1),
(3542, 13, 7, 5, 1),
(3543, 14, 7, 5, 1),
(3544, 15, 7, 5, 4),
(3545, 16, 7, 5, 1),
(3546, 17, 7, 5, 1),
(3547, 18, 7, 5, 1),
(3548, 19, 7, 5, 1),
(3549, 20, 7, 5, 1),
(3550, 21, 7, 5, 1),
(3551, 22, 7, 5, 0),
(3552, 23, 7, 5, 1),
(3553, 0, 8, 5, 1),
(3554, 1, 8, 5, 0),
(3555, 2, 8, 5, 1),
(3556, 3, 8, 5, 1),
(3557, 4, 8, 5, 1),
(3558, 5, 8, 5, 1),
(3559, 6, 8, 5, 1),
(3560, 7, 8, 5, 1),
(3561, 8, 8, 5, 0),
(3562, 9, 8, 5, 1),
(3563, 10, 8, 5, 2),
(3564, 11, 8, 5, 2),
(3565, 12, 8, 5, 2),
(3566, 13, 8, 5, 2),
(3567, 14, 8, 5, 1),
(3568, 15, 8, 5, 1),
(3569, 16, 8, 5, 1),
(3570, 17, 8, 5, 1),
(3571, 18, 8, 5, 1),
(3572, 19, 8, 5, 1),
(3573, 20, 8, 5, 1),
(3574, 21, 8, 5, 1),
(3575, 22, 8, 5, 0),
(3576, 23, 8, 5, 1),
(3577, 0, 9, 5, 1),
(3578, 1, 9, 5, 0),
(3579, 2, 9, 5, 1),
(3580, 3, 9, 5, 3),
(3581, 4, 9, 5, 1),
(3582, 5, 9, 5, 1),
(3583, 6, 9, 5, 4),
(3584, 7, 9, 5, 4),
(3585, 8, 9, 5, 0),
(3586, 9, 9, 5, 1),
(3587, 10, 9, 5, 2),
(3588, 11, 9, 5, 2),
(3589, 12, 9, 5, 2),
(3590, 13, 9, 5, 2),
(3591, 14, 9, 5, 1),
(3592, 15, 9, 5, 1),
(3593, 16, 9, 5, 3),
(3594, 17, 9, 5, 3),
(3595, 18, 9, 5, 1),
(3596, 19, 9, 5, 1),
(3597, 20, 9, 5, 4),
(3598, 21, 9, 5, 1),
(3599, 22, 9, 5, 0),
(3600, 23, 9, 5, 1),
(3601, 0, 10, 5, 1),
(3602, 1, 10, 5, 0),
(3603, 2, 10, 5, 1),
(3604, 3, 10, 5, 1),
(3605, 4, 10, 5, 1),
(3606, 5, 10, 5, 1),
(3607, 6, 10, 5, 1),
(3608, 7, 10, 5, 1),
(3609, 8, 10, 5, 0),
(3610, 9, 10, 5, 1),
(3611, 10, 10, 5, 2),
(3612, 11, 10, 5, 2),
(3613, 12, 10, 5, 2),
(3614, 13, 10, 5, 2),
(3615, 14, 10, 5, 1),
(3616, 15, 10, 5, 1),
(3617, 16, 10, 5, 1),
(3618, 17, 10, 5, 1),
(3619, 18, 10, 5, 1),
(3620, 19, 10, 5, 4),
(3621, 20, 10, 5, 1),
(3622, 21, 10, 5, 1),
(3623, 22, 10, 5, 0),
(3624, 23, 10, 5, 1),
(3625, 0, 11, 5, 1),
(3626, 1, 11, 5, 0),
(3627, 2, 11, 5, 1),
(3628, 3, 11, 5, 1),
(3629, 4, 11, 5, 1),
(3630, 5, 11, 5, 1),
(3631, 6, 11, 5, 3),
(3632, 7, 11, 5, 3),
(3633, 8, 11, 5, 1),
(3634, 9, 11, 5, 1),
(3635, 10, 11, 5, 1),
(3636, 11, 11, 5, 1),
(3637, 12, 11, 5, 1),
(3638, 13, 11, 5, 1),
(3639, 14, 11, 5, 1),
(3640, 15, 11, 5, 1),
(3641, 16, 11, 5, 1),
(3642, 17, 11, 5, 4),
(3643, 18, 11, 5, 1),
(3644, 19, 11, 5, 1),
(3645, 20, 11, 5, 1),
(3646, 21, 11, 5, 1),
(3647, 22, 11, 5, 0),
(3648, 23, 11, 5, 1),
(3649, 0, 12, 5, 1),
(3650, 1, 12, 5, 0),
(3651, 2, 12, 5, 1),
(3652, 3, 12, 5, 1),
(3653, 4, 12, 5, 1),
(3654, 5, 12, 5, 1),
(3655, 6, 12, 5, 1),
(3656, 7, 12, 5, 1),
(3657, 8, 12, 5, 4),
(3658, 9, 12, 5, 1),
(3659, 10, 12, 5, 1),
(3660, 11, 12, 5, 1),
(3661, 12, 12, 5, 1),
(3662, 13, 12, 5, 1),
(3663, 14, 12, 5, 1),
(3664, 15, 12, 5, 1),
(3665, 16, 12, 5, 1),
(3666, 17, 12, 5, 1),
(3667, 18, 12, 5, 1),
(3668, 19, 12, 5, 1),
(3669, 20, 12, 5, 3),
(3670, 21, 12, 5, 1),
(3671, 22, 12, 5, 0),
(3672, 23, 12, 5, 1),
(3673, 0, 13, 5, 1),
(3674, 1, 13, 5, 0),
(3675, 2, 13, 5, 1),
(3676, 3, 13, 5, 1),
(3677, 4, 13, 5, 4),
(3678, 5, 13, 5, 1),
(3679, 6, 13, 5, 4),
(3680, 7, 13, 5, 1),
(3681, 8, 13, 5, 0),
(3682, 9, 13, 5, 1),
(3683, 10, 13, 5, 1),
(3684, 11, 13, 5, 4),
(3685, 12, 13, 5, 1),
(3686, 13, 13, 5, 1),
(3687, 14, 13, 5, 1),
(3688, 15, 13, 5, 1),
(3689, 16, 13, 5, 1),
(3690, 17, 13, 5, 3),
(3691, 18, 13, 5, 1),
(3692, 19, 13, 5, 1),
(3693, 20, 13, 5, 1),
(3694, 21, 13, 5, 1),
(3695, 22, 13, 5, 0),
(3696, 23, 13, 5, 1),
(3697, 0, 14, 5, 1),
(3698, 1, 14, 5, 0),
(3699, 2, 14, 5, 2),
(3700, 3, 14, 5, 2),
(3701, 4, 14, 5, 1),
(3702, 5, 14, 5, 1),
(3703, 6, 14, 5, 1),
(3704, 7, 14, 5, 1),
(3705, 8, 14, 5, 3),
(3706, 9, 14, 5, 1),
(3707, 10, 14, 5, 1),
(3708, 11, 14, 5, 1),
(3709, 12, 14, 5, 1),
(3710, 13, 14, 5, 1),
(3711, 14, 14, 5, 1),
(3712, 15, 14, 5, 1),
(3713, 16, 14, 5, 4),
(3714, 17, 14, 5, 1),
(3715, 18, 14, 5, 1),
(3716, 19, 14, 5, 1),
(3717, 20, 14, 5, 4),
(3718, 21, 14, 5, 1),
(3719, 22, 14, 5, 0),
(3720, 23, 14, 5, 1),
(3721, 0, 15, 5, 1),
(3722, 1, 15, 5, 0),
(3723, 2, 15, 5, 2),
(3724, 3, 15, 5, 1),
(3725, 4, 15, 5, 3),
(3726, 5, 15, 5, 1),
(3727, 6, 15, 5, 1),
(3728, 7, 15, 5, 1),
(3729, 8, 15, 5, 1),
(3730, 9, 15, 5, 1),
(3731, 10, 15, 5, 1),
(3732, 11, 15, 5, 3),
(3733, 12, 15, 5, 1),
(3734, 13, 15, 5, 1),
(3735, 14, 15, 5, 1),
(3736, 15, 15, 5, 1),
(3737, 16, 15, 5, 1),
(3738, 17, 15, 5, 1),
(3739, 18, 15, 5, 1),
(3740, 19, 15, 5, 4),
(3741, 20, 15, 5, 1),
(3742, 21, 15, 5, 1),
(3743, 22, 15, 5, 0),
(3744, 23, 15, 5, 1),
(3745, 0, 16, 5, 1),
(3746, 1, 16, 5, 0),
(3747, 2, 16, 5, 0),
(3748, 3, 16, 5, 0),
(3749, 4, 16, 5, 1),
(3750, 5, 16, 5, 1),
(3751, 6, 16, 5, 3),
(3752, 7, 16, 5, 1),
(3753, 8, 16, 5, 0),
(3754, 9, 16, 5, 0),
(3755, 10, 16, 5, 0),
(3756, 11, 16, 5, 0),
(3757, 12, 16, 5, 0),
(3758, 13, 16, 5, 0),
(3759, 14, 16, 5, 0),
(3760, 15, 16, 5, 1),
(3761, 16, 16, 5, 3),
(3762, 17, 16, 5, 1),
(3763, 18, 16, 5, 0),
(3764, 19, 16, 5, 0),
(3765, 20, 16, 5, 0),
(3766, 21, 16, 5, 0),
(3767, 22, 16, 5, 0),
(3768, 23, 16, 5, 1),
(3769, 0, 17, 5, 1),
(3770, 1, 17, 5, 0),
(3771, 2, 17, 5, 1),
(3772, 3, 17, 5, 1),
(3773, 4, 17, 5, 1),
(3774, 5, 17, 5, 1),
(3775, 6, 17, 5, 1),
(3776, 7, 17, 5, 1),
(3777, 8, 17, 5, 0),
(3778, 9, 17, 5, 1),
(3779, 10, 17, 5, 1),
(3780, 11, 17, 5, 1),
(3781, 12, 17, 5, 1),
(3782, 13, 17, 5, 1),
(3783, 14, 17, 5, 1),
(3784, 15, 17, 5, 1),
(3785, 16, 17, 5, 1),
(3786, 17, 17, 5, 1),
(3787, 18, 17, 5, 1),
(3788, 19, 17, 5, 3),
(3789, 20, 17, 5, 1),
(3790, 21, 17, 5, 1),
(3791, 22, 17, 5, 0),
(3792, 23, 17, 5, 1),
(3793, 0, 18, 5, 0),
(3794, 1, 18, 5, 0),
(3795, 2, 18, 5, 0),
(3796, 3, 18, 5, 0),
(3797, 4, 18, 5, 0),
(3798, 5, 18, 5, 0),
(3799, 6, 18, 5, 0),
(3800, 7, 18, 5, 0),
(3801, 8, 18, 5, 0),
(3802, 9, 18, 5, 0),
(3803, 10, 18, 5, 0),
(3804, 11, 18, 5, 0),
(3805, 12, 18, 5, 0),
(3806, 13, 18, 5, 0),
(3807, 14, 18, 5, 0),
(3808, 15, 18, 5, 0),
(3809, 16, 18, 5, 0),
(3810, 17, 18, 5, 1),
(3811, 18, 18, 5, 1),
(3812, 19, 18, 5, 1),
(3813, 20, 18, 5, 1),
(3814, 21, 18, 5, 0),
(3815, 22, 18, 5, 0),
(3816, 23, 18, 5, 0),
(3817, 0, 19, 5, 1),
(3818, 1, 19, 5, 1),
(3819, 2, 19, 5, 1),
(3820, 3, 19, 5, 1),
(3821, 4, 19, 5, 1),
(3822, 5, 19, 5, 1),
(3823, 6, 19, 5, 1),
(3824, 7, 19, 5, 1),
(3825, 8, 19, 5, 1),
(3826, 9, 19, 5, 1),
(3827, 10, 19, 5, 1),
(3828, 11, 19, 5, 1),
(3829, 12, 19, 5, 1),
(3830, 13, 19, 5, 1),
(3831, 14, 19, 5, 1),
(3832, 15, 19, 5, 1),
(3833, 16, 19, 5, 0),
(3834, 17, 19, 5, 0),
(3835, 18, 19, 5, 0),
(3836, 19, 19, 5, 0),
(3837, 20, 19, 5, 0),
(3838, 21, 19, 5, 0),
(3839, 22, 19, 5, 1),
(3840, 23, 19, 5, 1);

-- --------------------------------------------------------

--
-- Structure de la table `elements`
--

CREATE TABLE `elements` (
  `ID_Element` int(11) NOT NULL,
  `Name_Element` varchar(25) DEFAULT NULL
) ENGINE=InnoDB DEFAULT CHARSET=latin1;

--
-- Contenu de la table `elements`
--

INSERT INTO `elements` (`ID_Element`, `Name_Element`) VALUES
(0, 'Wall'),
(1, 'Mud'),
(2, 'Broken_mud'),
(3, 'DIamond'),
(4, 'Rock'),
(5, 'Door'),
(6, 'Special_Wall'),
(7, 'Monster_1'),
(8, 'Monster_2'),
(9, 'Star');

-- --------------------------------------------------------

--
-- Structure de la table `map`
--

CREATE TABLE `map` (
  `ID_Map` int(11) NOT NULL,
  `Height_Map` int(11) DEFAULT NULL,
  `Width_Map` int(11) DEFAULT NULL,
  `time` int(11) DEFAULT NULL,
  `diamonds_needed` int(11) DEFAULT NULL
) ENGINE=InnoDB DEFAULT CHARSET=latin1;

--
-- Contenu de la table `map`
--

INSERT INTO `map` (`ID_Map`, `Height_Map`, `Width_Map`, `time`, `diamonds_needed`) VALUES
(1, 20, 24, 120, 10),
(2, 20, 24, NULL, NULL),
(3, 20, 24, NULL, NULL),
(4, 20, 24, NULL, NULL),
(5, 20, 24, NULL, NULL);

--
-- Index pour les tables exportées
--

--
-- Index pour la table `adresses`
--
ALTER TABLE `adresses`
  ADD PRIMARY KEY (`ID_Coor`),
  ADD KEY `FK_Coordonnee_ID_Map` (`ID_Map`),
  ADD KEY `FK_Coordonnee_ID_Element` (`ID_Element`);

--
-- Index pour la table `elements`
--
ALTER TABLE `elements`
  ADD PRIMARY KEY (`ID_Element`);

--
-- Index pour la table `map`
--
ALTER TABLE `map`
  ADD PRIMARY KEY (`ID_Map`);

--
-- AUTO_INCREMENT pour les tables exportées
--

--
-- AUTO_INCREMENT pour la table `adresses`
--
ALTER TABLE `adresses`
  MODIFY `ID_Coor` int(11) NOT NULL AUTO_INCREMENT, AUTO_INCREMENT=3841;
--
-- AUTO_INCREMENT pour la table `elements`
--
ALTER TABLE `elements`
  MODIFY `ID_Element` int(11) NOT NULL AUTO_INCREMENT, AUTO_INCREMENT=10;
--
-- AUTO_INCREMENT pour la table `map`
--
ALTER TABLE `map`
  MODIFY `ID_Map` int(11) NOT NULL AUTO_INCREMENT, AUTO_INCREMENT=6;
--
-- Contraintes pour les tables exportées
--

--
-- Contraintes pour la table `adresses`
--
ALTER TABLE `adresses`
  ADD CONSTRAINT `FK_Coordonnee_ID_Element` FOREIGN KEY (`ID_Element`) REFERENCES `elements` (`ID_Element`),
  ADD CONSTRAINT `FK_Coordonnee_ID_Map` FOREIGN KEY (`ID_Map`) REFERENCES `map` (`ID_Map`);

/*!40101 SET CHARACTER_SET_CLIENT=@OLD_CHARACTER_SET_CLIENT */;
/*!40101 SET CHARACTER_SET_RESULTS=@OLD_CHARACTER_SET_RESULTS */;
/*!40101 SET COLLATION_CONNECTION=@OLD_COLLATION_CONNECTION */;
