-- phpMyAdmin SQL Dump
-- version 4.6.4
-- https://www.phpmyadmin.net/
--
-- Client :  127.0.0.1
-- Généré le :  Lun 26 Juin 2017 à 11:55
-- Version du serveur :  5.7.14
-- Version de PHP :  5.6.25

SET SQL_MODE = "NO_AUTO_VALUE_ON_ZERO";
SET time_zone = "+00:00";


/*!40101 SET @OLD_CHARACTER_SET_CLIENT=@@CHARACTER_SET_CLIENT */;
/*!40101 SET @OLD_CHARACTER_SET_RESULTS=@@CHARACTER_SET_RESULTS */;
/*!40101 SET @OLD_COLLATION_CONNECTION=@@COLLATION_CONNECTION */;
/*!40101 SET NAMES utf8mb4 */;

--
-- Base de données :  `boulderdash`
--

DELIMITER $$
--
-- Procédures
--
CREATE DEFINER=`root`@`localhost` PROCEDURE `selectLvl` (IN `Level` INT)  NO SQL
SELECT ID_Coor, ID_Element
FROM adresses
WHERE adresses.ID_Map = LEVEL
ORDER BY ID_Coor$$

CREATE DEFINER=`root`@`localhost` PROCEDURE `selectLvlDiamonds` (IN `Level` INT)  NO SQL
SELECT diamonds_needed
FROM map
WHERE map.ID_Map = LEVEL$$

CREATE DEFINER=`root`@`localhost` PROCEDURE `selectLvlHeight` (IN `Level` INT)  NO SQL
SELECT Height_Map
FROM map
WHERE map.ID_Map = LEVEL$$

CREATE DEFINER=`root`@`localhost` PROCEDURE `selectLvlTime` (IN `Level` INT)  NO SQL
SELECT time
FROM map
WHERE map.ID_Map = LEVEL$$

CREATE DEFINER=`root`@`localhost` PROCEDURE `selectLvlWidth` (IN `Level` INT)  NO SQL
SELECT Width_Map
FROM map
WHERE map.ID_Map = LEVEL$$

DELIMITER ;

-- --------------------------------------------------------

--
-- Structure de la table `adresses`
--

CREATE TABLE `adresses` (
  `ID_Coor` int(11) NOT NULL,
  `X` int(11) DEFAULT NULL,
  `Y` int(11) DEFAULT NULL,
  `ID_Map` int(11) DEFAULT NULL,
  `ID_Element` int(11) DEFAULT NULL
) ENGINE=InnoDB DEFAULT CHARSET=latin1;

--
-- Contenu de la table `adresses`
--

INSERT INTO `adresses` (`ID_Coor`, `X`, `Y`, `ID_Map`, `ID_Element`) VALUES
(1, 0, 0, 1, 1),
(2, 1, 0, 1, 1),
(3, 2, 0, 1, 1),
(4, 3, 0, 1, 1),
(5, 4, 0, 1, 1),
(6, 5, 0, 1, 1),
(7, 6, 0, 1, 1),
(8, 7, 0, 1, 1),
(9, 8, 0, 1, 1),
(10, 9, 0, 1, 1),
(11, 10, 0, 1, 1),
(12, 11, 0, 1, 1),
(13, 12, 0, 1, 1),
(14, 13, 0, 1, 1),
(15, 14, 0, 1, 1),
(16, 15, 0, 1, 1),
(17, 16, 0, 1, 1),
(18, 17, 0, 1, 1),
(19, 18, 0, 1, 1),
(20, 19, 0, 1, 1),
(21, 20, 0, 1, 1),
(22, 21, 0, 1, 1),
(23, 22, 0, 1, 1),
(24, 23, 0, 1, 1),
(25, 0, 1, 1, 0),
(26, 1, 1, 1, 0),
(27, 2, 1, 1, 0),
(28, 3, 1, 1, 0),
(29, 4, 1, 1, 0),
(30, 5, 1, 1, 0),
(31, 6, 1, 1, 0),
(32, 7, 1, 1, 0),
(33, 8, 1, 1, 0),
(34, 9, 1, 1, 0),
(35, 10, 1, 1, 0),
(36, 11, 1, 1, 0),
(37, 12, 1, 1, 0),
(38, 13, 1, 1, 0),
(39, 14, 1, 1, 0),
(40, 15, 1, 1, 0),
(41, 16, 1, 1, 0),
(42, 17, 1, 1, 0),
(43, 18, 1, 1, 0),
(44, 19, 1, 1, 0),
(45, 20, 1, 1, 0),
(46, 21, 1, 1, 0),
(47, 22, 1, 1, 0),
(48, 23, 1, 1, 0),
(49, 0, 2, 1, 0),
(50, 1, 2, 1, 1),
(51, 2, 2, 1, 1),
(52, 3, 2, 1, 2),
(53, 4, 2, 1, 2),
(54, 5, 2, 1, 2),
(55, 6, 2, 1, 1),
(56, 7, 2, 1, 1),
(57, 8, 2, 1, 1),
(58, 9, 2, 1, 1),
(59, 10, 2, 1, 1),
(60, 11, 2, 1, 1),
(61, 12, 2, 1, 1),
(62, 13, 2, 1, 1),
(63, 14, 2, 1, 4),
(64, 15, 2, 1, 1),
(65, 16, 2, 1, 1),
(66, 17, 2, 1, 1),
(67, 18, 2, 1, 1),
(68, 19, 2, 1, 1),
(69, 20, 2, 1, 1),
(70, 21, 2, 1, 1),
(71, 22, 2, 1, 1),
(72, 23, 2, 1, 0),
(73, 0, 3, 1, 0),
(74, 1, 3, 1, 1),
(75, 2, 3, 1, 1),
(76, 3, 3, 1, 2),
(77, 4, 3, 1, 2),
(78, 5, 3, 1, 2),
(79, 6, 3, 1, 1),
(80, 7, 3, 1, 1),
(81, 8, 3, 1, 1),
(82, 9, 3, 1, 1),
(83, 10, 3, 1, 1),
(84, 11, 3, 1, 1),
(85, 12, 3, 1, 1),
(86, 13, 3, 1, 1),
(87, 14, 3, 1, 1),
(88, 15, 3, 1, 1),
(89, 16, 3, 1, 1),
(90, 17, 3, 1, 3),
(91, 18, 3, 1, 1),
(92, 19, 3, 1, 1),
(93, 20, 3, 1, 1),
(94, 21, 3, 1, 1),
(95, 22, 3, 1, 1),
(96, 23, 3, 1, 0),
(97, 0, 4, 1, 0),
(98, 1, 4, 1, 1),
(99, 2, 4, 1, 1),
(100, 3, 4, 1, 4),
(101, 4, 4, 1, 1),
(102, 5, 4, 1, 1),
(103, 6, 4, 1, 1),
(104, 7, 4, 1, 3),
(105, 8, 4, 1, 1),
(106, 9, 4, 1, 1),
(107, 10, 4, 1, 1),
(108, 11, 4, 1, 1),
(109, 12, 4, 1, 1),
(110, 13, 4, 1, 1),
(111, 14, 4, 1, 4),
(112, 15, 4, 1, 4),
(113, 16, 4, 1, 1),
(114, 17, 4, 1, 0),
(115, 18, 4, 1, 0),
(116, 19, 4, 1, 0),
(117, 20, 4, 1, 0),
(118, 21, 4, 1, 0),
(119, 22, 4, 1, 0),
(120, 23, 4, 1, 0),
(121, 0, 5, 1, 0),
(122, 1, 5, 1, 1),
(123, 2, 5, 1, 1),
(124, 3, 5, 1, 4),
(125, 4, 5, 1, 1),
(126, 5, 5, 1, 1),
(127, 6, 5, 1, 1),
(128, 7, 5, 1, 1),
(129, 8, 5, 1, 1),
(130, 9, 5, 1, 1),
(131, 10, 5, 1, 1),
(132, 11, 5, 1, 1),
(133, 12, 5, 1, 1),
(134, 13, 5, 1, 1),
(135, 14, 5, 1, 1),
(136, 15, 5, 1, 1),
(137, 16, 5, 1, 2),
(138, 17, 5, 1, 0),
(139, 18, 5, 1, 1),
(140, 19, 5, 1, 1),
(141, 20, 5, 1, 1),
(142, 21, 5, 1, 1),
(143, 22, 5, 1, 1),
(144, 23, 5, 1, 1),
(145, 0, 6, 1, 0),
(146, 1, 6, 1, 1),
(147, 2, 6, 1, 3),
(148, 3, 6, 1, 1),
(149, 4, 6, 1, 2),
(150, 5, 6, 1, 1),
(151, 6, 6, 1, 1),
(152, 7, 6, 1, 1),
(153, 8, 6, 1, 1),
(154, 9, 6, 1, 1),
(155, 10, 6, 1, 4),
(156, 11, 6, 1, 1),
(157, 12, 6, 1, 1),
(158, 13, 6, 1, 1),
(159, 14, 6, 1, 1),
(160, 15, 6, 1, 1),
(161, 16, 6, 1, 1),
(162, 17, 6, 1, 0),
(163, 18, 6, 1, 1),
(164, 19, 6, 1, 1),
(165, 20, 6, 1, 1),
(166, 21, 6, 1, 1),
(167, 22, 6, 1, 1),
(168, 23, 6, 1, 1),
(169, 0, 7, 1, 0),
(170, 1, 7, 1, 1),
(171, 2, 7, 1, 1),
(172, 3, 7, 1, 1),
(173, 4, 7, 1, 1),
(174, 5, 7, 1, 1),
(175, 6, 7, 1, 1),
(176, 7, 7, 1, 1),
(177, 8, 7, 1, 1),
(178, 9, 7, 1, 1),
(179, 10, 7, 1, 1),
(180, 11, 7, 1, 1),
(181, 12, 7, 1, 1),
(182, 13, 7, 1, 1),
(183, 14, 7, 1, 1),
(184, 15, 7, 1, 4),
(185, 16, 7, 1, 1),
(186, 17, 7, 1, 0),
(187, 18, 7, 1, 1),
(188, 19, 7, 1, 1),
(189, 20, 7, 1, 1),
(190, 21, 7, 1, 1),
(191, 22, 7, 1, 1),
(192, 23, 7, 1, 1),
(193, 0, 8, 1, 0),
(194, 1, 8, 1, 1),
(195, 2, 8, 1, 2),
(196, 3, 8, 1, 1),
(197, 4, 8, 1, 1),
(198, 5, 8, 1, 1),
(199, 6, 8, 1, 1),
(200, 7, 8, 1, 1),
(201, 8, 8, 1, 4),
(202, 9, 8, 1, 3),
(203, 10, 8, 1, 4),
(204, 11, 8, 1, 1),
(205, 12, 8, 1, 2),
(206, 13, 8, 1, 1),
(207, 14, 8, 1, 1),
(208, 15, 8, 1, 1),
(209, 16, 8, 1, 1),
(210, 17, 8, 1, 0),
(211, 18, 8, 1, 0),
(212, 19, 8, 1, 0),
(213, 20, 8, 1, 0),
(214, 21, 8, 1, 0),
(215, 22, 8, 1, 0),
(216, 23, 8, 1, 0),
(217, 0, 9, 1, 0),
(218, 1, 9, 1, 1),
(219, 2, 9, 1, 1),
(220, 3, 9, 1, 1),
(221, 4, 9, 1, 1),
(222, 5, 9, 1, 1),
(223, 6, 9, 1, 1),
(224, 7, 9, 1, 1),
(225, 8, 9, 1, 1),
(226, 9, 9, 1, 1),
(227, 10, 9, 1, 1),
(228, 11, 9, 1, 1),
(229, 12, 9, 1, 1),
(230, 13, 9, 1, 1),
(231, 14, 9, 1, 1),
(232, 15, 9, 1, 1),
(233, 16, 9, 1, 1),
(234, 17, 9, 1, 1),
(235, 18, 9, 1, 1),
(236, 19, 9, 1, 1),
(237, 20, 9, 1, 1),
(238, 21, 9, 1, 1),
(239, 22, 9, 1, 1),
(240, 23, 9, 1, 0),
(241, 0, 10, 1, 0),
(242, 1, 10, 1, 1),
(243, 2, 10, 1, 2),
(244, 3, 10, 1, 3),
(245, 4, 10, 1, 4),
(246, 5, 10, 1, 1),
(247, 6, 10, 1, 1),
(248, 7, 10, 1, 1),
(249, 8, 10, 1, 1),
(250, 9, 10, 1, 1),
(251, 10, 10, 1, 1),
(252, 11, 10, 1, 2),
(253, 12, 10, 1, 2),
(254, 13, 10, 1, 1),
(255, 14, 10, 1, 1),
(256, 15, 10, 1, 2),
(257, 16, 10, 1, 1),
(258, 17, 10, 1, 1),
(259, 18, 10, 1, 1),
(260, 19, 10, 1, 1),
(261, 20, 10, 1, 1),
(262, 21, 10, 1, 1),
(263, 22, 10, 1, 2),
(264, 23, 10, 1, 0),
(265, 0, 11, 1, 0),
(266, 1, 11, 1, 2),
(267, 2, 11, 1, 1),
(268, 3, 11, 1, 1),
(269, 4, 11, 1, 4),
(270, 5, 11, 1, 1),
(271, 6, 11, 1, 2),
(272, 7, 11, 1, 2),
(273, 8, 11, 1, 2),
(274, 9, 11, 1, 1),
(275, 10, 11, 1, 1),
(276, 11, 11, 1, 1),
(277, 12, 11, 1, 1),
(278, 13, 11, 1, 1),
(279, 14, 11, 1, 1),
(280, 15, 11, 1, 1),
(281, 16, 11, 1, 3),
(282, 17, 11, 1, 1),
(283, 18, 11, 1, 1),
(284, 19, 11, 1, 1),
(285, 20, 11, 1, 4),
(286, 21, 11, 1, 1),
(287, 22, 11, 1, 1),
(288, 23, 11, 1, 0),
(289, 0, 12, 1, 0),
(290, 1, 12, 1, 1),
(291, 2, 12, 1, 1),
(292, 3, 12, 1, 1),
(293, 4, 12, 1, 1),
(294, 5, 12, 1, 1),
(295, 6, 12, 1, 8),
(296, 7, 12, 1, 2),
(297, 8, 12, 1, 2),
(298, 9, 12, 1, 1),
(299, 10, 12, 1, 1),
(300, 11, 12, 1, 1),
(301, 12, 12, 1, 1),
(302, 13, 12, 1, 1),
(303, 14, 12, 1, 1),
(304, 15, 12, 1, 1),
(305, 16, 12, 1, 1),
(306, 17, 12, 1, 4),
(307, 18, 12, 1, 4),
(308, 19, 12, 1, 1),
(309, 20, 12, 1, 1),
(310, 21, 12, 1, 2),
(311, 22, 12, 1, 1),
(312, 23, 12, 1, 0),
(313, 0, 13, 1, 0),
(314, 1, 13, 1, 1),
(315, 2, 13, 1, 1),
(316, 3, 13, 1, 1),
(317, 4, 13, 1, 1),
(318, 5, 13, 1, 1),
(319, 6, 13, 1, 1),
(320, 7, 13, 1, 1),
(321, 8, 13, 1, 1),
(322, 9, 13, 1, 1),
(323, 10, 13, 1, 1),
(324, 11, 13, 1, 1),
(325, 12, 13, 1, 1),
(326, 13, 13, 1, 1),
(327, 14, 13, 1, 4),
(328, 15, 13, 1, 4),
(329, 16, 13, 1, 4),
(330, 17, 13, 1, 1),
(331, 18, 13, 1, 1),
(332, 19, 13, 1, 1),
(333, 20, 13, 1, 3),
(334, 21, 13, 1, 1),
(335, 22, 13, 1, 0),
(336, 23, 13, 1, 0),
(337, 0, 14, 1, 0),
(338, 1, 14, 1, 1),
(339, 2, 14, 1, 2),
(340, 3, 14, 1, 1),
(341, 4, 14, 1, 1),
(342, 5, 14, 1, 1),
(343, 6, 14, 1, 3),
(344, 7, 14, 1, 1),
(345, 8, 14, 1, 1),
(346, 9, 14, 1, 1),
(347, 10, 14, 1, 1),
(348, 11, 14, 1, 3),
(349, 12, 14, 1, 1),
(350, 13, 14, 1, 1),
(351, 14, 14, 1, 1),
(352, 15, 14, 1, 1),
(353, 16, 14, 1, 1),
(354, 17, 14, 1, 1),
(355, 18, 14, 1, 0),
(356, 19, 14, 1, 0),
(357, 20, 14, 1, 0),
(358, 21, 14, 1, 0),
(359, 22, 14, 1, 0),
(360, 23, 14, 1, 0),
(361, 0, 15, 1, 0),
(362, 1, 15, 1, 1),
(363, 2, 15, 1, 1),
(364, 3, 15, 1, 1),
(365, 4, 15, 1, 1),
(366, 5, 15, 1, 1),
(367, 6, 15, 1, 1),
(368, 7, 15, 1, 1),
(369, 8, 15, 1, 4),
(370, 9, 15, 1, 1),
(371, 10, 15, 1, 4),
(372, 11, 15, 1, 1),
(373, 12, 15, 1, 1),
(374, 13, 15, 1, 1),
(375, 14, 15, 1, 1),
(376, 15, 15, 1, 1),
(377, 16, 15, 1, 1),
(378, 17, 15, 1, 3),
(379, 18, 15, 1, 0),
(380, 19, 15, 1, 1),
(381, 20, 15, 1, 1),
(382, 21, 15, 1, 1),
(383, 22, 15, 1, 1),
(384, 23, 15, 1, 1),
(385, 0, 16, 1, 0),
(386, 1, 16, 1, 0),
(387, 2, 16, 1, 0),
(388, 3, 16, 1, 0),
(389, 4, 16, 1, 0),
(390, 5, 16, 1, 0),
(391, 6, 16, 1, 0),
(392, 7, 16, 1, 1),
(393, 8, 16, 1, 1),
(394, 9, 16, 1, 1),
(395, 10, 16, 1, 1),
(396, 11, 16, 1, 1),
(397, 12, 16, 1, 2),
(398, 13, 16, 1, 1),
(399, 14, 16, 1, 1),
(400, 15, 16, 1, 1),
(401, 16, 16, 1, 1),
(402, 17, 16, 1, 1),
(403, 18, 16, 1, 0),
(404, 19, 16, 1, 1),
(405, 20, 16, 1, 1),
(406, 21, 16, 1, 1),
(407, 22, 16, 1, 1),
(408, 23, 16, 1, 1),
(409, 0, 17, 1, 1),
(410, 1, 17, 1, 1),
(411, 2, 17, 1, 1),
(412, 3, 17, 1, 1),
(413, 4, 17, 1, 1),
(414, 5, 17, 1, 1),
(415, 6, 17, 1, 0),
(416, 7, 17, 1, 1),
(417, 8, 17, 1, 1),
(418, 9, 17, 1, 1),
(419, 10, 17, 1, 1),
(420, 11, 17, 1, 1),
(421, 12, 17, 1, 1),
(422, 13, 17, 1, 1),
(423, 14, 17, 1, 1),
(424, 15, 17, 1, 1),
(425, 16, 17, 1, 1),
(426, 17, 17, 1, 1),
(427, 18, 17, 1, 0),
(428, 19, 17, 1, 1),
(429, 20, 17, 1, 1),
(430, 21, 17, 1, 1),
(431, 22, 17, 1, 1),
(432, 23, 17, 1, 1),
(433, 0, 18, 1, 1),
(434, 1, 18, 1, 1),
(435, 2, 18, 1, 1),
(436, 3, 18, 1, 1),
(437, 4, 18, 1, 1),
(438, 5, 18, 1, 1),
(439, 6, 18, 1, 0),
(440, 7, 18, 1, 0),
(441, 8, 18, 1, 0),
(442, 9, 18, 1, 1),
(443, 10, 18, 1, 2),
(444, 11, 18, 1, 1),
(445, 12, 18, 1, 2),
(446, 13, 18, 1, 2),
(447, 14, 18, 1, 1),
(448, 15, 18, 1, 4),
(449, 16, 18, 1, 0),
(450, 17, 18, 1, 0),
(451, 18, 18, 1, 0),
(452, 19, 18, 1, 1),
(453, 20, 18, 1, 1),
(454, 21, 18, 1, 1),
(455, 22, 18, 1, 1),
(456, 23, 18, 1, 1),
(457, 0, 19, 1, 1),
(458, 1, 19, 1, 1),
(459, 2, 19, 1, 1),
(460, 3, 19, 1, 1),
(461, 4, 19, 1, 1),
(462, 5, 19, 1, 1),
(463, 6, 19, 1, 1),
(464, 7, 19, 1, 1),
(465, 8, 19, 1, 0),
(466, 9, 19, 1, 0),
(467, 10, 19, 1, 0),
(468, 11, 19, 1, 0),
(469, 12, 19, 1, 0),
(470, 13, 19, 1, 0),
(471, 14, 19, 1, 0),
(472, 15, 19, 1, 0),
(473, 16, 19, 1, 0),
(474, 17, 19, 1, 1),
(475, 18, 19, 1, 1),
(476, 19, 19, 1, 1),
(477, 20, 19, 1, 1),
(478, 21, 19, 1, 1),
(479, 22, 19, 1, 1),
(480, 23, 19, 1, 1),
(481, 0, 0, 2, 1),
(482, 1, 0, 2, 1),
(483, 2, 0, 2, 1),
(484, 3, 0, 2, 1),
(485, 4, 0, 2, 1),
(486, 5, 0, 2, 1),
(487, 6, 0, 2, 1),
(488, 7, 0, 2, 1),
(489, 8, 0, 2, 1),
(490, 9, 0, 2, 1),
(491, 10, 0, 2, 1),
(492, 11, 0, 2, 1),
(493, 12, 0, 2, 1),
(494, 13, 0, 2, 1),
(495, 14, 0, 2, 1),
(496, 15, 0, 2, 1),
(497, 16, 0, 2, 1),
(498, 17, 0, 2, 1),
(499, 18, 0, 2, 1),
(500, 19, 0, 2, 1),
(501, 20, 0, 2, 1),
(502, 21, 0, 2, 1),
(503, 22, 0, 2, 1),
(504, 23, 0, 2, 1),
(505, 0, 1, 2, 0),
(506, 1, 1, 2, 0),
(507, 2, 1, 2, 0),
(508, 3, 1, 2, 0),
(509, 4, 1, 2, 0),
(510, 5, 1, 2, 0),
(511, 6, 1, 2, 0),
(512, 7, 1, 2, 0),
(513, 8, 1, 2, 0),
(514, 9, 1, 2, 0),
(515, 10, 1, 2, 0),
(516, 11, 1, 2, 0),
(517, 12, 1, 2, 0),
(518, 13, 1, 2, 0),
(519, 14, 1, 2, 0),
(520, 15, 1, 2, 0),
(521, 16, 1, 2, 0),
(522, 17, 1, 2, 0),
(523, 18, 1, 2, 0),
(524, 19, 1, 2, 0),
(525, 20, 1, 2, 0),
(526, 21, 1, 2, 0),
(527, 22, 1, 2, 0),
(528, 23, 1, 2, 0),
(529, 0, 2, 2, 0),
(530, 1, 2, 2, 1),
(531, 2, 2, 2, 1),
(532, 3, 2, 2, 2),
(533, 4, 2, 2, 2),
(534, 5, 2, 2, 2),
(535, 6, 2, 2, 1),
(536, 7, 2, 2, 1),
(537, 8, 2, 2, 1),
(538, 9, 2, 2, 1),
(539, 10, 2, 2, 1),
(540, 11, 2, 2, 1),
(541, 12, 2, 2, 1),
(542, 13, 2, 2, 1),
(543, 14, 2, 2, 4),
(544, 15, 2, 2, 1),
(545, 16, 2, 2, 1),
(546, 17, 2, 2, 1),
(547, 18, 2, 2, 1),
(548, 19, 2, 2, 1),
(549, 20, 2, 2, 1),
(550, 21, 2, 2, 1),
(551, 22, 2, 2, 1),
(552, 23, 2, 2, 0),
(553, 0, 3, 2, 0),
(554, 1, 3, 2, 1),
(555, 2, 3, 2, 1),
(556, 3, 3, 2, 2),
(557, 4, 3, 2, 2),
(558, 5, 3, 2, 2),
(559, 6, 3, 2, 1),
(560, 7, 3, 2, 1),
(561, 8, 3, 2, 1),
(562, 9, 3, 2, 1),
(563, 10, 3, 2, 1),
(564, 11, 3, 2, 1),
(565, 12, 3, 2, 1),
(566, 13, 3, 2, 1),
(567, 14, 3, 2, 1),
(568, 15, 3, 2, 1),
(569, 16, 3, 2, 1),
(570, 17, 3, 2, 3),
(571, 18, 3, 2, 1),
(572, 19, 3, 2, 1),
(573, 20, 3, 2, 1),
(574, 21, 3, 2, 1),
(575, 22, 3, 2, 1),
(576, 23, 3, 2, 0),
(577, 0, 4, 2, 0),
(578, 1, 4, 2, 1),
(579, 2, 4, 2, 1),
(580, 3, 4, 2, 4),
(581, 4, 4, 2, 1),
(582, 5, 4, 2, 1),
(583, 6, 4, 2, 1),
(584, 7, 4, 2, 3),
(585, 8, 4, 2, 1),
(586, 9, 4, 2, 1),
(587, 10, 4, 2, 1),
(588, 11, 4, 2, 1),
(589, 12, 4, 2, 1),
(590, 13, 4, 2, 1),
(591, 14, 4, 2, 4),
(592, 15, 4, 2, 4),
(593, 16, 4, 2, 1),
(594, 17, 4, 2, 1),
(595, 18, 4, 2, 1),
(596, 19, 4, 2, 1),
(597, 20, 4, 2, 1),
(598, 21, 4, 2, 4),
(599, 22, 4, 2, 0),
(600, 23, 4, 2, 0),
(601, 0, 5, 2, 0),
(602, 1, 5, 2, 1),
(603, 2, 5, 2, 1),
(604, 3, 5, 2, 4),
(605, 4, 5, 2, 1),
(606, 5, 5, 2, 1),
(607, 6, 5, 2, 1),
(608, 7, 5, 2, 1),
(609, 8, 5, 2, 1),
(610, 9, 5, 2, 1),
(611, 10, 5, 2, 1),
(612, 11, 5, 2, 1),
(613, 12, 5, 2, 1),
(614, 13, 5, 2, 1),
(615, 14, 5, 2, 1),
(616, 15, 5, 2, 1),
(617, 16, 5, 2, 2),
(618, 17, 5, 2, 3),
(619, 18, 5, 2, 1),
(620, 19, 5, 2, 1),
(621, 20, 5, 2, 1),
(622, 21, 5, 2, 1),
(623, 22, 5, 2, 1),
(624, 23, 5, 2, 0),
(625, 0, 6, 2, 0),
(626, 1, 6, 2, 1),
(627, 2, 6, 2, 3),
(628, 3, 6, 2, 1),
(629, 4, 6, 2, 2),
(630, 5, 6, 2, 1),
(631, 6, 6, 2, 1),
(632, 7, 6, 2, 1),
(633, 8, 6, 2, 1),
(634, 9, 6, 2, 1),
(635, 10, 6, 2, 4),
(636, 11, 6, 2, 1),
(637, 12, 6, 2, 1),
(638, 13, 6, 2, 1),
(639, 14, 6, 2, 1),
(640, 15, 6, 2, 1),
(641, 16, 6, 2, 1),
(642, 17, 6, 2, 1),
(643, 18, 6, 2, 1),
(644, 19, 6, 2, 1),
(645, 20, 6, 2, 1),
(646, 21, 6, 2, 1),
(647, 22, 6, 2, 1),
(648, 23, 6, 2, 0),
(649, 0, 7, 2, 0),
(650, 1, 7, 2, 0),
(651, 2, 7, 2, 0),
(652, 3, 7, 2, 0),
(653, 4, 7, 2, 0),
(654, 5, 7, 2, 0),
(655, 6, 7, 2, 0),
(656, 7, 7, 2, 0),
(657, 8, 7, 2, 1),
(658, 9, 7, 2, 1),
(659, 10, 7, 2, 1),
(660, 11, 7, 2, 1),
(661, 12, 7, 2, 1),
(662, 13, 7, 2, 1),
(663, 14, 7, 2, 1),
(664, 15, 7, 2, 4),
(665, 16, 7, 2, 1),
(666, 17, 7, 2, 1),
(667, 18, 7, 2, 1),
(668, 19, 7, 2, 1),
(669, 20, 7, 2, 1),
(670, 21, 7, 2, 1),
(671, 22, 7, 2, 1),
(672, 23, 7, 2, 0),
(673, 0, 8, 2, 0),
(674, 1, 8, 2, 1),
(675, 2, 8, 2, 2),
(676, 3, 8, 2, 1),
(677, 4, 8, 2, 1),
(678, 5, 8, 2, 1),
(679, 6, 8, 2, 1),
(680, 7, 8, 2, 0),
(681, 8, 8, 2, 1),
(682, 9, 8, 2, 3),
(683, 10, 8, 2, 4),
(684, 11, 8, 2, 1),
(685, 12, 8, 2, 1),
(686, 13, 8, 2, 4),
(687, 14, 8, 2, 1),
(688, 15, 8, 2, 1),
(689, 16, 8, 2, 1),
(690, 17, 8, 2, 2),
(691, 18, 8, 2, 2),
(692, 19, 8, 2, 1),
(693, 20, 8, 2, 4),
(694, 21, 8, 2, 1),
(695, 22, 8, 2, 1),
(696, 23, 8, 2, 0),
(697, 0, 9, 2, 0),
(698, 1, 9, 2, 1),
(699, 2, 9, 2, 1),
(700, 3, 9, 2, 1),
(701, 4, 9, 2, 1),
(702, 5, 9, 2, 3),
(703, 6, 9, 2, 1),
(704, 7, 9, 2, 0),
(705, 8, 9, 2, 1),
(706, 9, 9, 2, 1),
(707, 10, 9, 2, 1),
(708, 11, 9, 2, 1),
(709, 12, 9, 2, 1),
(710, 13, 9, 2, 1),
(711, 14, 9, 2, 1),
(712, 15, 9, 2, 1),
(713, 16, 9, 2, 1),
(714, 17, 9, 2, 1),
(715, 18, 9, 2, 1),
(716, 19, 9, 2, 1),
(717, 20, 9, 2, 1),
(718, 21, 9, 2, 1),
(719, 22, 9, 2, 1),
(720, 23, 9, 2, 0),
(721, 0, 10, 2, 0),
(722, 1, 10, 2, 1),
(723, 2, 10, 2, 2),
(724, 3, 10, 2, 3),
(725, 4, 10, 2, 4),
(726, 5, 10, 2, 1),
(727, 6, 10, 2, 1),
(728, 7, 10, 2, 1),
(729, 8, 10, 2, 1),
(730, 9, 10, 2, 1),
(731, 10, 10, 2, 1),
(732, 11, 10, 2, 1),
(733, 12, 10, 2, 1),
(734, 13, 10, 2, 1),
(735, 14, 10, 2, 1),
(736, 15, 10, 2, 2),
(737, 16, 10, 2, 1),
(738, 17, 10, 2, 1),
(739, 18, 10, 2, 1),
(740, 19, 10, 2, 1),
(741, 20, 10, 2, 1),
(742, 21, 10, 2, 1),
(743, 22, 10, 2, 2),
(744, 23, 10, 2, 0),
(745, 0, 11, 2, 0),
(746, 1, 11, 2, 2),
(747, 2, 11, 2, 1),
(748, 3, 11, 2, 1),
(749, 4, 11, 2, 1),
(750, 5, 11, 2, 1),
(751, 6, 11, 2, 2),
(752, 7, 11, 2, 1),
(753, 8, 11, 2, 2),
(754, 9, 11, 2, 1),
(755, 10, 11, 2, 2),
(756, 11, 11, 2, 2),
(757, 12, 11, 2, 2),
(758, 13, 11, 2, 2),
(759, 14, 11, 2, 1),
(760, 15, 11, 2, 1),
(761, 16, 11, 2, 3),
(762, 17, 11, 2, 1),
(763, 18, 11, 2, 1),
(764, 19, 11, 2, 1),
(765, 20, 11, 2, 4),
(766, 21, 11, 2, 1),
(767, 22, 11, 2, 1),
(768, 23, 11, 2, 0),
(769, 0, 12, 2, 0),
(770, 1, 12, 2, 1),
(771, 2, 12, 2, 1),
(772, 3, 12, 2, 0),
(773, 4, 12, 2, 0),
(774, 5, 12, 2, 0),
(775, 6, 12, 2, 0),
(776, 7, 12, 2, 0),
(777, 8, 12, 2, 2),
(778, 9, 12, 2, 1),
(779, 10, 12, 2, 1),
(780, 11, 12, 2, 2),
(781, 12, 12, 2, 2),
(782, 13, 12, 2, 1),
(783, 14, 12, 2, 1),
(784, 15, 12, 2, 1),
(785, 16, 12, 2, 1),
(786, 17, 12, 2, 4),
(787, 18, 12, 2, 4),
(788, 19, 12, 2, 1),
(789, 20, 12, 2, 1),
(790, 21, 12, 2, 2),
(791, 22, 12, 2, 1),
(792, 23, 12, 2, 0),
(793, 0, 13, 2, 0),
(794, 1, 13, 2, 1),
(795, 2, 13, 2, 1),
(796, 3, 13, 2, 1),
(797, 4, 13, 2, 1),
(798, 5, 13, 2, 1),
(799, 6, 13, 2, 1),
(800, 7, 13, 2, 1),
(801, 8, 13, 2, 1),
(802, 9, 13, 2, 1),
(803, 10, 13, 2, 1),
(804, 11, 13, 2, 1),
(805, 12, 13, 2, 1),
(806, 13, 13, 2, 1),
(807, 14, 13, 2, 4),
(808, 15, 13, 2, 4),
(809, 16, 13, 2, 4),
(810, 17, 13, 2, 1),
(811, 18, 13, 2, 1),
(812, 19, 13, 2, 1),
(813, 20, 13, 2, 3),
(814, 21, 13, 2, 1),
(815, 22, 13, 2, 0),
(816, 23, 13, 2, 0),
(817, 0, 14, 2, 0),
(818, 1, 14, 2, 1),
(819, 2, 14, 2, 1),
(820, 3, 14, 2, 1),
(821, 4, 14, 2, 1),
(822, 5, 14, 2, 1),
(823, 6, 14, 2, 3),
(824, 7, 14, 2, 1),
(825, 8, 14, 2, 1),
(826, 9, 14, 2, 1),
(827, 10, 14, 2, 1),
(828, 11, 14, 2, 3),
(829, 12, 14, 2, 1),
(830, 13, 14, 2, 1),
(831, 14, 14, 2, 1),
(832, 15, 14, 2, 1),
(833, 16, 14, 2, 1),
(834, 17, 14, 2, 1),
(835, 18, 14, 2, 0),
(836, 19, 14, 2, 0),
(837, 20, 14, 2, 0),
(838, 21, 14, 2, 0),
(839, 22, 14, 2, 0),
(840, 23, 14, 2, 0),
(841, 0, 15, 2, 0),
(842, 1, 15, 2, 1),
(843, 2, 15, 2, 1),
(844, 3, 15, 2, 2),
(845, 4, 15, 2, 9),
(846, 5, 15, 2, 1),
(847, 6, 15, 2, 1),
(848, 7, 15, 2, 1),
(849, 8, 15, 2, 4),
(850, 9, 15, 2, 1),
(851, 10, 15, 2, 4),
(852, 11, 15, 2, 1),
(853, 12, 15, 2, 1),
(854, 13, 15, 2, 4),
(855, 14, 15, 2, 4),
(856, 15, 15, 2, 1),
(857, 16, 15, 2, 1),
(858, 17, 15, 2, 3),
(859, 18, 15, 2, 0),
(860, 19, 15, 2, 1),
(861, 20, 15, 2, 1),
(862, 21, 15, 2, 1),
(863, 22, 15, 2, 1),
(864, 23, 15, 2, 1),
(865, 0, 16, 2, 0),
(866, 1, 16, 2, 0),
(867, 2, 16, 2, 0),
(868, 3, 16, 2, 1),
(869, 4, 16, 2, 2),
(870, 5, 16, 2, 1),
(871, 6, 16, 2, 2),
(872, 7, 16, 2, 1),
(873, 8, 16, 2, 1),
(874, 9, 16, 2, 1),
(875, 10, 16, 2, 1),
(876, 11, 16, 2, 1),
(877, 12, 16, 2, 2),
(878, 13, 16, 2, 1),
(879, 14, 16, 2, 1),
(880, 15, 16, 2, 1),
(881, 16, 16, 2, 1),
(882, 17, 16, 2, 1),
(883, 18, 16, 2, 0),
(884, 19, 16, 2, 1),
(885, 20, 16, 2, 1),
(886, 21, 16, 2, 1),
(887, 22, 16, 2, 1),
(888, 23, 16, 2, 1),
(889, 0, 17, 2, 1),
(890, 1, 17, 2, 1),
(891, 2, 17, 2, 0),
(892, 3, 17, 2, 1),
(893, 4, 17, 2, 1),
(894, 5, 17, 2, 1),
(895, 6, 17, 2, 2),
(896, 7, 17, 2, 2),
(897, 8, 17, 2, 1),
(898, 9, 17, 2, 1),
(899, 10, 17, 2, 1),
(900, 11, 17, 2, 1),
(901, 12, 17, 2, 1),
(902, 13, 17, 2, 1),
(903, 14, 17, 2, 1),
(904, 15, 17, 2, 1),
(905, 16, 17, 2, 1),
(906, 17, 17, 2, 1),
(907, 18, 17, 2, 0),
(908, 19, 17, 2, 1),
(909, 20, 17, 2, 1),
(910, 21, 17, 2, 1),
(911, 22, 17, 2, 1),
(912, 23, 17, 2, 1),
(913, 0, 18, 2, 1),
(914, 1, 18, 2, 1),
(915, 2, 18, 2, 0),
(916, 3, 18, 2, 1),
(917, 4, 18, 2, 1),
(918, 5, 18, 2, 0),
(919, 6, 18, 2, 0),
(920, 7, 18, 2, 0),
(921, 8, 18, 2, 0),
(922, 9, 18, 2, 1),
(923, 10, 18, 2, 2),
(924, 11, 18, 2, 1),
(925, 12, 18, 2, 2),
(926, 13, 18, 2, 2),
(927, 14, 18, 2, 1),
(928, 15, 18, 2, 4),
(929, 16, 18, 2, 0),
(930, 17, 18, 2, 0),
(931, 18, 18, 2, 0),
(932, 19, 18, 2, 1),
(933, 20, 18, 2, 1),
(934, 21, 18, 2, 1),
(935, 22, 18, 2, 1),
(936, 23, 18, 2, 1),
(937, 0, 19, 2, 1),
(938, 1, 19, 2, 1),
(939, 2, 19, 2, 0),
(940, 3, 19, 2, 0),
(941, 4, 19, 2, 0),
(942, 5, 19, 2, 0),
(943, 6, 19, 2, 1),
(944, 7, 19, 2, 1),
(945, 8, 19, 2, 0),
(946, 9, 19, 2, 0),
(947, 10, 19, 2, 0),
(948, 11, 19, 2, 0),
(949, 12, 19, 2, 0),
(950, 13, 19, 2, 0),
(951, 14, 19, 2, 0),
(952, 15, 19, 2, 0),
(953, 16, 19, 2, 0),
(954, 17, 19, 2, 1),
(955, 18, 19, 2, 1),
(956, 19, 19, 2, 1),
(957, 20, 19, 2, 1),
(958, 21, 19, 2, 1),
(959, 22, 19, 2, 1),
(960, 23, 19, 2, 1),
(961, 0, 0, 3, 1),
(962, 1, 0, 3, 1),
(963, 2, 0, 3, 1),
(964, 3, 0, 3, 1),
(965, 4, 0, 3, 1),
(966, 5, 0, 3, 1),
(967, 6, 0, 3, 1),
(968, 7, 0, 3, 1),
(969, 8, 0, 3, 1),
(970, 9, 0, 3, 1),
(971, 10, 0, 3, 1),
(972, 11, 0, 3, 1),
(973, 12, 0, 3, 1),
(974, 13, 0, 3, 1),
(975, 14, 0, 3, 1),
(976, 15, 0, 3, 1),
(977, 16, 0, 3, 1),
(978, 17, 0, 3, 1),
(979, 18, 0, 3, 1),
(980, 19, 0, 3, 1),
(981, 20, 0, 3, 1),
(982, 21, 0, 3, 1),
(983, 22, 0, 3, 1),
(984, 23, 0, 3, 1),
(985, 0, 1, 3, 0),
(986, 1, 1, 3, 0),
(987, 2, 1, 3, 0),
(988, 3, 1, 3, 0),
(989, 4, 1, 3, 0),
(990, 5, 1, 3, 0),
(991, 6, 1, 3, 0),
(992, 7, 1, 3, 0),
(993, 8, 1, 3, 0),
(994, 9, 1, 3, 0),
(995, 10, 1, 3, 0),
(996, 11, 1, 3, 0),
(997, 12, 1, 3, 0),
(998, 13, 1, 3, 0),
(999, 14, 1, 3, 0),
(1000, 15, 1, 3, 0),
(1001, 16, 1, 3, 0),
(1002, 17, 1, 3, 0),
(1003, 18, 1, 3, 0),
(1004, 19, 1, 3, 0),
(1005, 20, 1, 3, 0),
(1006, 21, 1, 3, 0),
(1007, 22, 1, 3, 0),
(1008, 23, 1, 3, 0),
(1009, 0, 2, 3, 0),
(1010, 1, 2, 3, 1),
(1011, 2, 2, 3, 1),
(1012, 3, 2, 3, 1),
(1013, 4, 2, 3, 4),
(1014, 5, 2, 3, 1),
(1015, 6, 2, 3, 4),
(1016, 7, 2, 3, 1),
(1017, 8, 2, 3, 4),
(1018, 9, 2, 3, 1),
(1019, 10, 2, 3, 0),
(1020, 11, 2, 3, 1),
(1021, 12, 2, 3, 1),
(1022, 13, 2, 3, 1),
(1023, 14, 2, 3, 4),
(1024, 15, 2, 3, 1),
(1025, 16, 2, 3, 1),
(1026, 17, 2, 3, 1),
(1027, 18, 2, 3, 1),
(1028, 19, 2, 3, 1),
(1029, 20, 2, 3, 1),
(1030, 21, 2, 3, 1),
(1031, 22, 2, 3, 1),
(1032, 23, 2, 3, 0),
(1033, 0, 3, 3, 0),
(1034, 1, 3, 3, 1),
(1035, 2, 3, 3, 1),
(1036, 3, 3, 3, 1),
(1037, 4, 3, 3, 1),
(1038, 5, 3, 3, 1),
(1039, 6, 3, 3, 1),
(1040, 7, 3, 3, 1),
(1041, 8, 3, 3, 1),
(1042, 9, 3, 3, 1),
(1043, 10, 3, 3, 0),
(1044, 11, 3, 3, 1),
(1045, 12, 3, 3, 1),
(1046, 13, 3, 3, 1),
(1047, 14, 3, 3, 1),
(1048, 15, 3, 3, 1),
(1049, 16, 3, 3, 1),
(1050, 17, 3, 3, 4),
(1051, 18, 3, 3, 1),
(1052, 19, 3, 3, 4),
(1053, 20, 3, 3, 1),
(1054, 21, 3, 3, 1),
(1055, 22, 3, 3, 1),
(1056, 23, 3, 3, 0),
(1057, 0, 4, 3, 0),
(1058, 1, 4, 3, 1),
(1059, 2, 4, 3, 1),
(1060, 3, 4, 3, 4),
(1061, 4, 4, 3, 1),
(1062, 5, 4, 3, 1),
(1063, 6, 4, 3, 3),
(1064, 7, 4, 3, 1),
(1065, 8, 4, 3, 1),
(1066, 9, 4, 3, 2),
(1067, 10, 4, 3, 0),
(1068, 11, 4, 3, 2),
(1069, 12, 4, 3, 1),
(1070, 13, 4, 3, 1),
(1071, 14, 4, 3, 4),
(1072, 15, 4, 3, 4),
(1073, 16, 4, 3, 1),
(1074, 17, 4, 3, 1),
(1075, 18, 4, 3, 1),
(1076, 19, 4, 3, 1),
(1077, 20, 4, 3, 1),
(1078, 21, 4, 3, 4),
(1079, 22, 4, 3, 0),
(1080, 23, 4, 3, 0),
(1081, 0, 5, 3, 0),
(1082, 1, 5, 3, 1),
(1083, 2, 5, 3, 1),
(1084, 3, 5, 3, 4),
(1085, 4, 5, 3, 1),
(1086, 5, 5, 3, 1),
(1087, 6, 5, 3, 1),
(1088, 7, 5, 3, 1),
(1089, 8, 5, 3, 1),
(1090, 9, 5, 3, 1),
(1091, 10, 5, 3, 0),
(1092, 11, 5, 3, 1),
(1093, 12, 5, 3, 1),
(1094, 13, 5, 3, 1),
(1095, 14, 5, 3, 1),
(1096, 15, 5, 3, 1),
(1097, 16, 5, 3, 2),
(1098, 17, 5, 3, 3),
(1099, 18, 5, 3, 1),
(1100, 19, 5, 3, 1),
(1101, 20, 5, 3, 1),
(1102, 21, 5, 3, 1),
(1103, 22, 5, 3, 1),
(1104, 23, 5, 3, 0),
(1105, 0, 6, 3, 0),
(1106, 1, 6, 3, 1),
(1107, 2, 6, 3, 3),
(1108, 3, 6, 3, 1),
(1109, 4, 6, 3, 2),
(1110, 5, 6, 3, 1),
(1111, 6, 6, 3, 1),
(1112, 7, 6, 3, 1),
(1113, 8, 6, 3, 3),
(1114, 9, 6, 3, 1),
(1115, 10, 6, 3, 0),
(1116, 11, 6, 3, 0),
(1117, 12, 6, 3, 1),
(1118, 13, 6, 3, 1),
(1119, 14, 6, 3, 0),
(1120, 15, 6, 3, 0),
(1121, 16, 6, 3, 1),
(1122, 17, 6, 3, 1),
(1123, 18, 6, 3, 1),
(1124, 19, 6, 3, 1),
(1125, 20, 6, 3, 1),
(1126, 21, 6, 3, 0),
(1127, 22, 6, 3, 0),
(1128, 23, 6, 3, 0),
(1129, 0, 7, 3, 0),
(1130, 1, 7, 3, 1),
(1131, 2, 7, 3, 1),
(1132, 3, 7, 3, 1),
(1133, 4, 7, 3, 1),
(1134, 5, 7, 3, 1),
(1135, 6, 7, 3, 1),
(1136, 7, 7, 3, 1),
(1137, 8, 7, 3, 1),
(1138, 9, 7, 3, 1),
(1139, 10, 7, 3, 1),
(1140, 11, 7, 3, 0),
(1141, 12, 7, 3, 0),
(1142, 13, 7, 3, 0),
(1143, 14, 7, 3, 0),
(1144, 15, 7, 3, 4),
(1145, 16, 7, 3, 1),
(1146, 17, 7, 3, 1),
(1147, 18, 7, 3, 1),
(1148, 19, 7, 3, 3),
(1149, 20, 7, 3, 1),
(1150, 21, 7, 3, 4),
(1151, 22, 7, 3, 1),
(1152, 23, 7, 3, 0),
(1153, 0, 8, 3, 0),
(1154, 1, 8, 3, 1),
(1155, 2, 8, 3, 2),
(1156, 3, 8, 3, 1),
(1157, 4, 8, 3, 1),
(1158, 5, 8, 3, 1),
(1159, 6, 8, 3, 1),
(1160, 7, 8, 3, 0),
(1161, 8, 8, 3, 1),
(1162, 9, 8, 3, 3),
(1163, 10, 8, 3, 4),
(1164, 11, 8, 3, 1),
(1165, 12, 8, 3, 2),
(1166, 13, 8, 3, 4),
(1167, 14, 8, 3, 1),
(1168, 15, 8, 3, 1),
(1169, 16, 8, 3, 1),
(1170, 17, 8, 3, 2),
(1171, 18, 8, 3, 2),
(1172, 19, 8, 3, 1),
(1173, 20, 8, 3, 4),
(1174, 21, 8, 3, 1),
(1175, 22, 8, 3, 1),
(1176, 23, 8, 3, 0),
(1177, 0, 9, 3, 0),
(1178, 1, 9, 3, 1),
(1179, 2, 9, 3, 1),
(1180, 3, 9, 3, 1),
(1181, 4, 9, 3, 1),
(1182, 5, 9, 3, 3),
(1183, 6, 9, 3, 1),
(1184, 7, 9, 3, 0),
(1185, 8, 9, 3, 1),
(1186, 9, 9, 3, 1),
(1187, 10, 9, 3, 1),
(1188, 11, 9, 3, 1),
(1189, 12, 9, 3, 1),
(1190, 13, 9, 3, 1),
(1191, 14, 9, 3, 1),
(1192, 15, 9, 3, 1),
(1193, 16, 9, 3, 1),
(1194, 17, 9, 3, 3),
(1195, 18, 9, 3, 1),
(1196, 19, 9, 3, 1),
(1197, 20, 9, 3, 1),
(1198, 21, 9, 3, 1),
(1199, 22, 9, 3, 1),
(1200, 23, 9, 3, 0),
(1201, 0, 10, 3, 0),
(1202, 1, 10, 3, 1),
(1203, 2, 10, 3, 2),
(1204, 3, 10, 3, 3),
(1205, 4, 10, 3, 4),
(1206, 5, 10, 3, 1),
(1207, 6, 10, 3, 1),
(1208, 7, 10, 3, 1),
(1209, 8, 10, 3, 1),
(1210, 9, 10, 3, 1),
(1211, 10, 10, 3, 1),
(1212, 11, 10, 3, 1),
(1213, 12, 10, 3, 1),
(1214, 13, 10, 3, 1),
(1215, 14, 10, 3, 1),
(1216, 15, 10, 3, 2),
(1217, 16, 10, 3, 1),
(1218, 17, 10, 3, 1),
(1219, 18, 10, 3, 1),
(1220, 19, 10, 3, 1),
(1221, 20, 10, 3, 1),
(1222, 21, 10, 3, 1),
(1223, 22, 10, 3, 2),
(1224, 23, 10, 3, 0),
(1225, 0, 11, 3, 0),
(1226, 1, 11, 3, 2),
(1227, 2, 11, 3, 1),
(1228, 3, 11, 3, 1),
(1229, 4, 11, 3, 1),
(1230, 5, 11, 3, 1),
(1231, 6, 11, 3, 2),
(1232, 7, 11, 3, 1),
(1233, 8, 11, 3, 2),
(1234, 9, 11, 3, 1),
(1235, 10, 11, 3, 2),
(1236, 11, 11, 3, 2),
(1237, 12, 11, 3, 2),
(1238, 13, 11, 3, 1),
(1239, 14, 11, 3, 1),
(1240, 15, 11, 3, 1),
(1241, 16, 11, 3, 3),
(1242, 17, 11, 3, 1),
(1243, 18, 11, 3, 1),
(1244, 19, 11, 3, 1),
(1245, 20, 11, 3, 4),
(1246, 21, 11, 3, 1),
(1247, 22, 11, 3, 1),
(1248, 23, 11, 3, 0),
(1249, 0, 12, 3, 0),
(1250, 1, 12, 3, 1),
(1251, 2, 12, 3, 1),
(1252, 3, 12, 3, 4),
(1253, 4, 12, 3, 1),
(1254, 5, 12, 3, 2),
(1255, 6, 12, 3, 1),
(1256, 7, 12, 3, 1),
(1257, 8, 12, 3, 2),
(1258, 9, 12, 3, 1),
(1259, 10, 12, 3, 1),
(1260, 11, 12, 3, 2),
(1261, 12, 12, 3, 2),
(1262, 13, 12, 3, 2),
(1263, 14, 12, 3, 1),
(1264, 15, 12, 3, 1),
(1265, 16, 12, 3, 1),
(1266, 17, 12, 3, 4),
(1267, 18, 12, 3, 4),
(1268, 19, 12, 3, 1),
(1269, 20, 12, 3, 1),
(1270, 21, 12, 3, 2),
(1271, 22, 12, 3, 1),
(1272, 23, 12, 3, 0),
(1273, 0, 13, 3, 0),
(1274, 1, 13, 3, 1),
(1275, 2, 13, 3, 1),
(1276, 3, 13, 3, 1),
(1277, 4, 13, 3, 1),
(1278, 5, 13, 3, 1),
(1279, 6, 13, 3, 1),
(1280, 7, 13, 3, 1),
(1281, 8, 13, 3, 1),
(1282, 9, 13, 3, 1),
(1283, 10, 13, 3, 1),
(1284, 11, 13, 3, 2),
(1285, 12, 13, 3, 2),
(1286, 13, 13, 3, 2),
(1287, 14, 13, 3, 4),
(1288, 15, 13, 3, 4),
(1289, 16, 13, 3, 4),
(1290, 17, 13, 3, 1),
(1291, 18, 13, 3, 1),
(1292, 19, 13, 3, 1),
(1293, 20, 13, 3, 3),
(1294, 21, 13, 3, 1),
(1295, 22, 13, 3, 0),
(1296, 23, 13, 3, 0),
(1297, 0, 14, 3, 0),
(1298, 1, 14, 3, 1),
(1299, 2, 14, 3, 1),
(1300, 3, 14, 3, 1),
(1301, 4, 14, 3, 1),
(1302, 5, 14, 3, 1),
(1303, 6, 14, 3, 3),
(1304, 7, 14, 3, 1),
(1305, 8, 14, 3, 1),
(1306, 9, 14, 3, 1),
(1307, 10, 14, 3, 1),
(1308, 11, 14, 3, 3),
(1309, 12, 14, 3, 1),
(1310, 13, 14, 3, 1),
(1311, 14, 14, 3, 1),
(1312, 15, 14, 3, 1),
(1313, 16, 14, 3, 1),
(1314, 17, 14, 3, 1),
(1315, 18, 14, 3, 1),
(1316, 19, 14, 3, 1),
(1317, 20, 14, 3, 0),
(1318, 21, 14, 3, 0),
(1319, 22, 14, 3, 0),
(1320, 23, 14, 3, 0),
(1321, 0, 15, 3, 0),
(1322, 1, 15, 3, 1),
(1323, 2, 15, 3, 1),
(1324, 3, 15, 3, 7),
(1325, 4, 15, 3, 2),
(1326, 5, 15, 3, 1),
(1327, 6, 15, 3, 1),
(1328, 7, 15, 3, 1),
(1329, 8, 15, 3, 4),
(1330, 9, 15, 3, 1),
(1331, 10, 15, 3, 4),
(1332, 11, 15, 3, 1),
(1333, 12, 15, 3, 1),
(1334, 13, 15, 3, 4),
(1335, 14, 15, 3, 2),
(1336, 15, 15, 3, 2),
(1337, 16, 15, 3, 1),
(1338, 17, 15, 3, 3),
(1339, 18, 15, 3, 1),
(1340, 19, 15, 3, 1),
(1341, 20, 15, 3, 1),
(1342, 21, 15, 3, 1),
(1343, 22, 15, 3, 1),
(1344, 23, 15, 3, 0),
(1345, 0, 16, 3, 0),
(1346, 1, 16, 3, 1),
(1347, 2, 16, 3, 1),
(1348, 3, 16, 3, 2),
(1349, 4, 16, 3, 2),
(1350, 5, 16, 3, 1),
(1351, 6, 16, 3, 2),
(1352, 7, 16, 3, 1),
(1353, 8, 16, 3, 1),
(1354, 9, 16, 3, 1),
(1355, 10, 16, 3, 1),
(1356, 11, 16, 3, 1),
(1357, 12, 16, 3, 2),
(1358, 13, 16, 3, 1),
(1359, 14, 16, 3, 2),
(1360, 15, 16, 3, 2),
(1361, 16, 16, 3, 1),
(1362, 17, 16, 3, 1),
(1363, 18, 16, 3, 0),
(1364, 19, 16, 3, 1),
(1365, 20, 16, 3, 1),
(1366, 21, 16, 3, 1),
(1367, 22, 16, 3, 1),
(1368, 23, 16, 3, 0),
(1369, 0, 17, 3, 0),
(1370, 1, 17, 3, 1),
(1371, 2, 17, 3, 1),
(1372, 3, 17, 3, 1),
(1373, 4, 17, 3, 1),
(1374, 5, 17, 3, 1),
(1375, 6, 17, 3, 2),
(1376, 7, 17, 3, 2),
(1377, 8, 17, 3, 1),
(1378, 9, 17, 3, 1),
(1379, 10, 17, 3, 1),
(1380, 11, 17, 3, 1),
(1381, 12, 17, 3, 1),
(1382, 13, 17, 3, 1),
(1383, 14, 17, 3, 1),
(1384, 15, 17, 3, 1),
(1385, 16, 17, 3, 1),
(1386, 17, 17, 3, 1),
(1387, 18, 17, 3, 0),
(1388, 19, 17, 3, 1),
(1389, 20, 17, 3, 1),
(1390, 21, 17, 3, 1),
(1391, 22, 17, 3, 1),
(1392, 23, 17, 3, 0),
(1393, 0, 18, 3, 0),
(1394, 1, 18, 3, 0),
(1395, 2, 18, 3, 0),
(1396, 3, 18, 3, 0),
(1397, 4, 18, 3, 0),
(1398, 5, 18, 3, 0),
(1399, 6, 18, 3, 0),
(1400, 7, 18, 3, 0),
(1401, 8, 18, 3, 0),
(1402, 9, 18, 3, 0),
(1403, 10, 18, 3, 0),
(1404, 11, 18, 3, 0),
(1405, 12, 18, 3, 0),
(1406, 13, 18, 3, 0),
(1407, 14, 18, 3, 0),
(1408, 15, 18, 3, 0),
(1409, 16, 18, 3, 0),
(1410, 17, 18, 3, 0),
(1411, 18, 18, 3, 0),
(1412, 19, 18, 3, 0),
(1413, 20, 18, 3, 0),
(1414, 21, 18, 3, 0),
(1415, 22, 18, 3, 0),
(1416, 23, 18, 3, 0),
(1417, 0, 19, 3, 1),
(1418, 1, 19, 3, 1),
(1419, 2, 19, 3, 1),
(1420, 3, 19, 3, 1),
(1421, 4, 19, 3, 1),
(1422, 5, 19, 3, 1),
(1423, 6, 19, 3, 1),
(1424, 7, 19, 3, 1),
(1425, 8, 19, 3, 1),
(1426, 9, 19, 3, 1),
(1427, 10, 19, 3, 1),
(1428, 11, 19, 3, 1),
(1429, 12, 19, 3, 1),
(1430, 13, 19, 3, 1),
(1431, 14, 19, 3, 1),
(1432, 15, 19, 3, 1),
(1433, 16, 19, 3, 1),
(1434, 17, 19, 3, 1),
(1435, 18, 19, 3, 1),
(1436, 19, 19, 3, 1),
(1437, 20, 19, 3, 1),
(1438, 21, 19, 3, 1),
(1439, 22, 19, 3, 1),
(1440, 23, 19, 3, 1),
(1441, 0, 0, 4, 1),
(1442, 1, 0, 4, 1),
(1443, 2, 0, 4, 1),
(1444, 3, 0, 4, 1),
(1445, 4, 0, 4, 1),
(1446, 5, 0, 4, 1),
(1447, 6, 0, 4, 1),
(1448, 7, 0, 4, 1),
(1449, 8, 0, 4, 1),
(1450, 9, 0, 4, 1),
(1451, 10, 0, 4, 1),
(1452, 11, 0, 4, 1),
(1453, 12, 0, 4, 1),
(1454, 13, 0, 4, 1),
(1455, 14, 0, 4, 1),
(1456, 15, 0, 4, 1),
(1457, 16, 0, 4, 1),
(1458, 17, 0, 4, 1),
(1459, 18, 0, 4, 1),
(1460, 19, 0, 4, 1),
(1461, 20, 0, 4, 1),
(1462, 21, 0, 4, 1),
(1463, 22, 0, 4, 1),
(1464, 23, 0, 4, 1),
(1465, 0, 1, 4, 0),
(1466, 1, 1, 4, 0),
(1467, 2, 1, 4, 0),
(1468, 3, 1, 4, 0),
(1469, 4, 1, 4, 0),
(1470, 5, 1, 4, 0),
(1471, 6, 1, 4, 0),
(1472, 7, 1, 4, 0),
(1473, 8, 1, 4, 0),
(1474, 9, 1, 4, 0),
(1475, 10, 1, 4, 0),
(1476, 11, 1, 4, 0),
(1477, 12, 1, 4, 0),
(1478, 13, 1, 4, 0),
(1479, 14, 1, 4, 0),
(1480, 15, 1, 4, 0),
(1481, 16, 1, 4, 0),
(1482, 17, 1, 4, 0),
(1483, 18, 1, 4, 0),
(1484, 19, 1, 4, 0),
(1485, 20, 1, 4, 0),
(1486, 21, 1, 4, 0),
(1487, 22, 1, 4, 0),
(1488, 23, 1, 4, 0),
(1489, 0, 2, 4, 1),
(1490, 1, 2, 4, 0),
(1491, 2, 2, 4, 1),
(1492, 3, 2, 4, 1),
(1493, 4, 2, 4, 1),
(1494, 5, 2, 4, 1),
(1495, 6, 2, 4, 1),
(1496, 7, 2, 4, 1),
(1497, 8, 2, 4, 1),
(1498, 9, 2, 4, 1),
(1499, 10, 2, 4, 1),
(1500, 11, 2, 4, 1),
(1501, 12, 2, 4, 1),
(1502, 13, 2, 4, 1),
(1503, 14, 2, 4, 1),
(1504, 15, 2, 4, 1),
(1505, 16, 2, 4, 1),
(1506, 17, 2, 4, 1),
(1507, 18, 2, 4, 1),
(1508, 19, 2, 4, 1),
(1509, 20, 2, 4, 2),
(1510, 21, 2, 4, 2),
(1511, 22, 2, 4, 0),
(1512, 23, 2, 4, 1),
(1513, 0, 3, 4, 1),
(1514, 1, 3, 4, 0),
(1515, 2, 3, 4, 1),
(1516, 3, 3, 4, 1),
(1517, 4, 3, 4, 2),
(1518, 5, 3, 4, 2),
(1519, 6, 3, 4, 1),
(1520, 7, 3, 4, 1),
(1521, 8, 3, 4, 1),
(1522, 9, 3, 4, 1),
(1523, 10, 3, 4, 1),
(1524, 11, 3, 4, 1),
(1525, 12, 3, 4, 1),
(1526, 13, 3, 4, 1),
(1527, 14, 3, 4, 1),
(1528, 15, 3, 4, 1),
(1529, 16, 3, 4, 1),
(1530, 17, 3, 4, 1),
(1531, 18, 3, 4, 4),
(1532, 19, 3, 4, 1),
(1533, 20, 3, 4, 4),
(1534, 21, 3, 4, 1),
(1535, 22, 3, 4, 0),
(1536, 23, 3, 4, 1),
(1537, 0, 4, 4, 1),
(1538, 1, 4, 4, 0),
(1539, 2, 4, 4, 1),
(1540, 3, 4, 4, 4),
(1541, 4, 4, 4, 1),
(1542, 5, 4, 4, 1),
(1543, 6, 4, 4, 1),
(1544, 7, 4, 4, 1),
(1545, 8, 4, 4, 1),
(1546, 9, 4, 4, 1),
(1547, 10, 4, 4, 1),
(1548, 11, 4, 4, 1),
(1549, 12, 4, 4, 1),
(1550, 13, 4, 4, 1),
(1551, 14, 4, 4, 1),
(1552, 15, 4, 4, 2),
(1553, 16, 4, 4, 1),
(1554, 17, 4, 4, 1),
(1555, 18, 4, 4, 1),
(1556, 19, 4, 4, 1),
(1557, 20, 4, 4, 1),
(1558, 21, 4, 4, 1),
(1559, 22, 4, 4, 0),
(1560, 23, 4, 4, 1),
(1561, 0, 5, 4, 1),
(1562, 1, 5, 4, 0),
(1563, 2, 5, 4, 1),
(1564, 3, 5, 4, 1),
(1565, 4, 5, 4, 4),
(1566, 5, 5, 4, 1),
(1567, 6, 5, 4, 1),
(1568, 7, 5, 4, 1),
(1569, 8, 5, 4, 1),
(1570, 9, 5, 4, 1),
(1571, 10, 5, 4, 1),
(1572, 11, 5, 4, 4),
(1573, 12, 5, 4, 1),
(1574, 13, 5, 4, 1),
(1575, 14, 5, 4, 1),
(1576, 15, 5, 4, 1),
(1577, 16, 5, 4, 1),
(1578, 17, 5, 4, 1),
(1579, 18, 5, 4, 1),
(1580, 19, 5, 4, 1),
(1581, 20, 5, 4, 3),
(1582, 21, 5, 4, 1),
(1583, 22, 5, 4, 0),
(1584, 23, 5, 4, 1),
(1585, 0, 6, 4, 1),
(1586, 1, 6, 4, 0),
(1587, 2, 6, 4, 1),
(1588, 3, 6, 4, 1),
(1589, 4, 6, 4, 3),
(1590, 5, 6, 4, 1),
(1591, 6, 6, 4, 1),
(1592, 7, 6, 4, 1),
(1593, 8, 6, 4, 1),
(1594, 9, 6, 4, 1),
(1595, 10, 6, 4, 1),
(1596, 11, 6, 4, 3),
(1597, 12, 6, 4, 1),
(1598, 13, 6, 4, 1),
(1599, 14, 6, 4, 1),
(1600, 15, 6, 4, 1),
(1601, 16, 6, 4, 1),
(1602, 17, 6, 4, 1),
(1603, 18, 6, 4, 3),
(1604, 19, 6, 4, 1),
(1605, 20, 6, 4, 1),
(1606, 21, 6, 4, 1),
(1607, 22, 6, 4, 0),
(1608, 23, 6, 4, 1),
(1609, 0, 7, 4, 1),
(1610, 1, 7, 4, 0),
(1611, 2, 7, 4, 1),
(1612, 3, 7, 4, 4),
(1613, 4, 7, 4, 1),
(1614, 5, 7, 4, 1),
(1615, 6, 7, 4, 1),
(1616, 7, 7, 4, 1),
(1617, 8, 7, 4, 1),
(1618, 9, 7, 4, 1),
(1619, 10, 7, 4, 1),
(1620, 11, 7, 4, 1),
(1621, 12, 7, 4, 1),
(1622, 13, 7, 4, 1),
(1623, 14, 7, 4, 1),
(1624, 15, 7, 4, 4),
(1625, 16, 7, 4, 1),
(1626, 17, 7, 4, 1),
(1627, 18, 7, 4, 1),
(1628, 19, 7, 4, 1),
(1629, 20, 7, 4, 1),
(1630, 21, 7, 4, 1),
(1631, 22, 7, 4, 0),
(1632, 23, 7, 4, 1),
(1633, 0, 8, 4, 1),
(1634, 1, 8, 4, 0),
(1635, 2, 8, 4, 1),
(1636, 3, 8, 4, 1),
(1637, 4, 8, 4, 1),
(1638, 5, 8, 4, 1),
(1639, 6, 8, 4, 1),
(1640, 7, 8, 4, 1),
(1641, 8, 8, 4, 1),
(1642, 9, 8, 4, 1),
(1643, 10, 8, 4, 1),
(1644, 11, 8, 4, 1),
(1645, 12, 8, 4, 1),
(1646, 13, 8, 4, 1),
(1647, 14, 8, 4, 1),
(1648, 15, 8, 4, 1),
(1649, 16, 8, 4, 1),
(1650, 17, 8, 4, 1),
(1651, 18, 8, 4, 1),
(1652, 19, 8, 4, 1),
(1653, 20, 8, 4, 1),
(1654, 21, 8, 4, 1),
(1655, 22, 8, 4, 0),
(1656, 23, 8, 4, 1),
(1657, 0, 9, 4, 1),
(1658, 1, 9, 4, 0),
(1659, 2, 9, 4, 1),
(1660, 3, 9, 4, 3),
(1661, 4, 9, 4, 1),
(1662, 5, 9, 4, 1),
(1663, 6, 9, 4, 4),
(1664, 7, 9, 4, 4),
(1665, 8, 9, 4, 1),
(1666, 9, 9, 4, 1),
(1667, 10, 9, 4, 1),
(1668, 11, 9, 4, 4),
(1669, 12, 9, 4, 1),
(1670, 13, 9, 4, 4),
(1671, 14, 9, 4, 1),
(1672, 15, 9, 4, 1),
(1673, 16, 9, 4, 3),
(1674, 17, 9, 4, 3),
(1675, 18, 9, 4, 1),
(1676, 19, 9, 4, 1),
(1677, 20, 9, 4, 4),
(1678, 21, 9, 4, 1),
(1679, 22, 9, 4, 0),
(1680, 23, 9, 4, 1),
(1681, 0, 10, 4, 1),
(1682, 1, 10, 4, 0),
(1683, 2, 10, 4, 1),
(1684, 3, 10, 4, 1),
(1685, 4, 10, 4, 1),
(1686, 5, 10, 4, 1),
(1687, 6, 10, 4, 1),
(1688, 7, 10, 4, 1),
(1689, 8, 10, 4, 1),
(1690, 9, 10, 4, 1),
(1691, 10, 10, 4, 1),
(1692, 11, 10, 4, 1),
(1693, 12, 10, 4, 1),
(1694, 13, 10, 4, 1),
(1695, 14, 10, 4, 1),
(1696, 15, 10, 4, 1),
(1697, 16, 10, 4, 1),
(1698, 17, 10, 4, 1),
(1699, 18, 10, 4, 1),
(1700, 19, 10, 4, 4),
(1701, 20, 10, 4, 1),
(1702, 21, 10, 4, 1),
(1703, 22, 10, 4, 0),
(1704, 23, 10, 4, 1),
(1705, 0, 11, 4, 1),
(1706, 1, 11, 4, 0),
(1707, 2, 11, 4, 1),
(1708, 3, 11, 4, 1),
(1709, 4, 11, 4, 1),
(1710, 5, 11, 4, 1),
(1711, 6, 11, 4, 3),
(1712, 7, 11, 4, 3),
(1713, 8, 11, 4, 1),
(1714, 9, 11, 4, 1),
(1715, 10, 11, 4, 1),
(1716, 11, 11, 4, 2),
(1717, 12, 11, 4, 2),
(1718, 13, 11, 4, 1),
(1719, 14, 11, 4, 1),
(1720, 15, 11, 4, 1),
(1721, 16, 11, 4, 1),
(1722, 17, 11, 4, 1),
(1723, 18, 11, 4, 4),
(1724, 19, 11, 4, 1),
(1725, 20, 11, 4, 1),
(1726, 21, 11, 4, 1),
(1727, 22, 11, 4, 1),
(1728, 23, 11, 4, 0),
(1729, 0, 12, 4, 1),
(1730, 1, 12, 4, 0),
(1731, 2, 12, 4, 1),
(1732, 3, 12, 4, 1),
(1733, 4, 12, 4, 1),
(1734, 5, 12, 4, 1),
(1735, 6, 12, 4, 1),
(1736, 7, 12, 4, 1),
(1737, 8, 12, 4, 1),
(1738, 9, 12, 4, 1),
(1739, 10, 12, 4, 2),
(1740, 11, 12, 4, 2),
(1741, 12, 12, 4, 2),
(1742, 13, 12, 4, 2),
(1743, 14, 12, 4, 2),
(1744, 15, 12, 4, 1),
(1745, 16, 12, 4, 1),
(1746, 17, 12, 4, 1),
(1747, 18, 12, 4, 1),
(1748, 19, 12, 4, 1),
(1749, 20, 12, 4, 3),
(1750, 21, 12, 4, 1),
(1751, 22, 12, 4, 0),
(1752, 23, 12, 4, 1),
(1753, 0, 13, 4, 1),
(1754, 1, 13, 4, 0),
(1755, 2, 13, 4, 1),
(1756, 3, 13, 4, 1),
(1757, 4, 13, 4, 4),
(1758, 5, 13, 4, 1),
(1759, 6, 13, 4, 4),
(1760, 7, 13, 4, 1),
(1761, 8, 13, 4, 1),
(1762, 9, 13, 4, 2),
(1763, 10, 13, 4, 2),
(1764, 11, 13, 4, 2),
(1765, 12, 13, 4, 2),
(1766, 13, 13, 4, 2),
(1767, 14, 13, 4, 2),
(1768, 15, 13, 4, 1),
(1769, 16, 13, 4, 1),
(1770, 17, 13, 4, 3),
(1771, 18, 13, 4, 1),
(1772, 19, 13, 4, 1),
(1773, 20, 13, 4, 1),
(1774, 21, 13, 4, 1),
(1775, 22, 13, 4, 0),
(1776, 23, 13, 4, 1),
(1777, 0, 14, 4, 1),
(1778, 1, 14, 4, 0),
(1779, 2, 14, 4, 2),
(1780, 3, 14, 4, 2),
(1781, 4, 14, 4, 1),
(1782, 5, 14, 4, 1),
(1783, 6, 14, 4, 1),
(1784, 7, 14, 4, 1),
(1785, 8, 14, 4, 3),
(1786, 9, 14, 4, 1),
(1787, 10, 14, 4, 1),
(1788, 11, 14, 4, 1),
(1789, 12, 14, 4, 1),
(1790, 13, 14, 4, 1),
(1791, 14, 14, 4, 1),
(1792, 15, 14, 4, 1),
(1793, 16, 14, 4, 4),
(1794, 17, 14, 4, 1),
(1795, 18, 14, 4, 1),
(1796, 19, 14, 4, 1),
(1797, 20, 14, 4, 4),
(1798, 21, 14, 4, 1),
(1799, 22, 14, 4, 0),
(1800, 23, 14, 4, 1),
(1801, 0, 15, 4, 1),
(1802, 1, 15, 4, 0),
(1803, 2, 15, 4, 2),
(1804, 3, 15, 4, 1),
(1805, 4, 15, 4, 3),
(1806, 5, 15, 4, 1),
(1807, 6, 15, 4, 1),
(1808, 7, 15, 4, 1),
(1809, 8, 15, 4, 1),
(1810, 9, 15, 4, 1),
(1811, 10, 15, 4, 1),
(1812, 11, 15, 4, 3),
(1813, 12, 15, 4, 1),
(1814, 13, 15, 4, 2),
(1815, 14, 15, 4, 8),
(1816, 15, 15, 4, 1),
(1817, 16, 15, 4, 1),
(1818, 17, 15, 4, 1),
(1819, 18, 15, 4, 1),
(1820, 19, 15, 4, 4),
(1821, 20, 15, 4, 1),
(1822, 21, 15, 4, 1),
(1823, 22, 15, 4, 0),
(1824, 23, 15, 4, 1),
(1825, 0, 16, 4, 1),
(1826, 1, 16, 4, 0),
(1827, 2, 16, 4, 1),
(1828, 3, 16, 4, 1),
(1829, 4, 16, 4, 1),
(1830, 5, 16, 4, 1),
(1831, 6, 16, 4, 3),
(1832, 7, 16, 4, 1),
(1833, 8, 16, 4, 1),
(1834, 9, 16, 4, 1),
(1835, 10, 16, 4, 1),
(1836, 11, 16, 4, 1),
(1837, 12, 16, 4, 1),
(1838, 13, 16, 4, 2),
(1839, 14, 16, 4, 2),
(1840, 15, 16, 4, 1),
(1841, 16, 16, 4, 3),
(1842, 17, 16, 4, 1),
(1843, 18, 16, 4, 1),
(1844, 19, 16, 4, 1),
(1845, 20, 16, 4, 1),
(1846, 21, 16, 4, 1),
(1847, 22, 16, 4, 0),
(1848, 23, 16, 4, 1),
(1849, 0, 17, 4, 1),
(1850, 1, 17, 4, 0),
(1851, 2, 17, 4, 1),
(1852, 3, 17, 4, 1),
(1853, 4, 17, 4, 1),
(1854, 5, 17, 4, 1),
(1855, 6, 17, 4, 1),
(1856, 7, 17, 4, 1),
(1857, 8, 17, 4, 1),
(1858, 9, 17, 4, 1),
(1859, 10, 17, 4, 1),
(1860, 11, 17, 4, 1),
(1861, 12, 17, 4, 1),
(1862, 13, 17, 4, 1),
(1863, 14, 17, 4, 1),
(1864, 15, 17, 4, 1),
(1865, 16, 17, 4, 1),
(1866, 17, 17, 4, 1),
(1867, 18, 17, 4, 1),
(1868, 19, 17, 4, 1),
(1869, 20, 17, 4, 1),
(1870, 21, 17, 4, 1),
(1871, 22, 17, 4, 0),
(1872, 23, 17, 4, 1),
(1873, 0, 18, 4, 0),
(1874, 1, 18, 4, 0),
(1875, 2, 18, 4, 0),
(1876, 3, 18, 4, 0),
(1877, 4, 18, 4, 0),
(1878, 5, 18, 4, 0),
(1879, 6, 18, 4, 0),
(1880, 7, 18, 4, 0),
(1881, 8, 18, 4, 0),
(1882, 9, 18, 4, 0),
(1883, 10, 18, 4, 0),
(1884, 11, 18, 4, 0),
(1885, 12, 18, 4, 0),
(1886, 13, 18, 4, 0),
(1887, 14, 18, 4, 0),
(1888, 15, 18, 4, 0),
(1889, 16, 18, 4, 0),
(1890, 17, 18, 4, 0),
(1891, 18, 18, 4, 0),
(1892, 19, 18, 4, 0),
(1893, 20, 18, 4, 0),
(1894, 21, 18, 4, 0),
(1895, 22, 18, 4, 0),
(1896, 23, 18, 4, 0),
(1897, 0, 19, 4, 1),
(1898, 1, 19, 4, 1),
(1899, 2, 19, 4, 1),
(1900, 3, 19, 4, 1),
(1901, 4, 19, 4, 1),
(1902, 5, 19, 4, 1),
(1903, 6, 19, 4, 1),
(1904, 7, 19, 4, 1),
(1905, 8, 19, 4, 1),
(1906, 9, 19, 4, 1),
(1907, 10, 19, 4, 1),
(1908, 11, 19, 4, 1),
(1909, 12, 19, 4, 1),
(1910, 13, 19, 4, 1),
(1911, 14, 19, 4, 1),
(1912, 15, 19, 4, 1),
(1913, 16, 19, 4, 1),
(1914, 17, 19, 4, 1),
(1915, 18, 19, 4, 1),
(1916, 19, 19, 4, 1),
(1917, 20, 19, 4, 1),
(1918, 21, 19, 4, 1),
(1919, 22, 19, 4, 1),
(1920, 23, 19, 4, 1),
(1921, 0, 0, 5, 1),
(1922, 1, 0, 5, 1),
(1923, 2, 0, 5, 1),
(1924, 3, 0, 5, 1),
(1925, 4, 0, 5, 1),
(1926, 5, 0, 5, 1),
(1927, 6, 0, 5, 1),
(1928, 7, 0, 5, 1),
(1929, 8, 0, 5, 1),
(1930, 9, 0, 5, 1),
(1931, 10, 0, 5, 1),
(1932, 11, 0, 5, 1),
(1933, 12, 0, 5, 1),
(1934, 13, 0, 5, 1),
(1935, 14, 0, 5, 1),
(1936, 15, 0, 5, 1),
(1937, 16, 0, 5, 1),
(1938, 17, 0, 5, 1),
(1939, 18, 0, 5, 1),
(1940, 19, 0, 5, 1),
(1941, 20, 0, 5, 1),
(1942, 21, 0, 5, 1),
(1943, 22, 0, 5, 1),
(1944, 23, 0, 5, 1),
(1945, 0, 1, 5, 0),
(1946, 1, 1, 5, 0),
(1947, 2, 1, 5, 0),
(1948, 3, 1, 5, 0),
(1949, 4, 1, 5, 0),
(1950, 5, 1, 5, 0),
(1951, 6, 1, 5, 0),
(1952, 7, 1, 5, 0),
(1953, 8, 1, 5, 0),
(1954, 9, 1, 5, 0),
(1955, 10, 1, 5, 0),
(1956, 11, 1, 5, 0),
(1957, 12, 1, 5, 0),
(1958, 13, 1, 5, 0),
(1959, 14, 1, 5, 0),
(1960, 15, 1, 5, 0),
(1961, 16, 1, 5, 0),
(1962, 17, 1, 5, 0),
(1963, 18, 1, 5, 0),
(1964, 19, 1, 5, 0),
(1965, 20, 1, 5, 0),
(1966, 21, 1, 5, 0),
(1967, 22, 1, 5, 0),
(1968, 23, 1, 5, 0),
(1969, 0, 2, 5, 1),
(1970, 1, 2, 5, 0),
(1971, 2, 2, 5, 1),
(1972, 3, 2, 5, 1),
(1973, 4, 2, 5, 1),
(1974, 5, 2, 5, 1),
(1975, 6, 2, 5, 1),
(1976, 7, 2, 5, 1),
(1977, 8, 2, 5, 0),
(1978, 9, 2, 5, 1),
(1979, 10, 2, 5, 1),
(1980, 11, 2, 5, 1),
(1981, 12, 2, 5, 1),
(1982, 13, 2, 5, 4),
(1983, 14, 2, 5, 1),
(1984, 15, 2, 5, 1),
(1985, 16, 2, 5, 1),
(1986, 17, 2, 5, 1),
(1987, 18, 2, 5, 1),
(1988, 19, 2, 5, 1),
(1989, 20, 2, 5, 2),
(1990, 21, 2, 5, 2),
(1991, 22, 2, 5, 0),
(1992, 23, 2, 5, 1),
(1993, 0, 3, 5, 1),
(1994, 1, 3, 5, 0),
(1995, 2, 3, 5, 1),
(1996, 3, 3, 5, 1),
(1997, 4, 3, 5, 2),
(1998, 5, 3, 5, 2),
(1999, 6, 3, 5, 1),
(2000, 7, 3, 5, 1),
(2001, 8, 3, 5, 0),
(2002, 9, 3, 5, 1),
(2003, 10, 3, 5, 1),
(2004, 11, 3, 5, 1),
(2005, 12, 3, 5, 1),
(2006, 13, 3, 5, 1),
(2007, 14, 3, 5, 1),
(2008, 15, 3, 5, 1),
(2009, 16, 3, 5, 1),
(2010, 17, 3, 5, 1),
(2011, 18, 3, 5, 4),
(2012, 19, 3, 5, 1),
(2013, 20, 3, 5, 4),
(2014, 21, 3, 5, 1),
(2015, 22, 3, 5, 0),
(2016, 23, 3, 5, 1),
(2017, 0, 4, 5, 1),
(2018, 1, 4, 5, 0),
(2019, 2, 4, 5, 1),
(2020, 3, 4, 5, 4),
(2021, 4, 4, 5, 1),
(2022, 5, 4, 5, 1),
(2023, 6, 4, 5, 4),
(2024, 7, 4, 5, 1),
(2025, 8, 4, 5, 0),
(2026, 9, 4, 5, 1),
(2027, 10, 4, 5, 1),
(2028, 11, 4, 5, 1),
(2029, 12, 4, 5, 1),
(2030, 13, 4, 5, 3),
(2031, 14, 4, 5, 1),
(2032, 15, 4, 5, 2),
(2033, 16, 4, 5, 1),
(2034, 17, 4, 5, 1),
(2035, 18, 4, 5, 1),
(2036, 19, 4, 5, 1),
(2037, 20, 4, 5, 1),
(2038, 21, 4, 5, 1),
(2039, 22, 4, 5, 0),
(2040, 23, 4, 5, 1),
(2041, 0, 5, 5, 1),
(2042, 1, 5, 5, 0),
(2043, 2, 5, 5, 1),
(2044, 3, 5, 5, 1),
(2045, 4, 5, 5, 4),
(2046, 5, 5, 5, 1),
(2047, 6, 5, 5, 1),
(2048, 7, 5, 5, 2),
(2049, 8, 5, 5, 9),
(2050, 9, 5, 5, 2),
(2051, 10, 5, 5, 1),
(2052, 11, 5, 5, 4),
(2053, 12, 5, 5, 1),
(2054, 13, 5, 5, 1),
(2055, 14, 5, 5, 1),
(2056, 15, 5, 5, 3),
(2057, 16, 5, 5, 1),
(2058, 17, 5, 5, 1),
(2059, 18, 5, 5, 1),
(2060, 19, 5, 5, 1),
(2061, 20, 5, 5, 3),
(2062, 21, 5, 5, 1),
(2063, 22, 5, 5, 0),
(2064, 23, 5, 5, 1),
(2065, 0, 6, 5, 1),
(2066, 1, 6, 5, 0),
(2067, 2, 6, 5, 1),
(2068, 3, 6, 5, 1),
(2069, 4, 6, 5, 3),
(2070, 5, 6, 5, 1),
(2071, 6, 6, 5, 3),
(2072, 7, 6, 5, 1),
(2073, 8, 6, 5, 1),
(2074, 9, 6, 5, 1),
(2075, 10, 6, 5, 1),
(2076, 11, 6, 5, 3),
(2077, 12, 6, 5, 1),
(2078, 13, 6, 5, 1),
(2079, 14, 6, 5, 1),
(2080, 15, 6, 5, 1),
(2081, 16, 6, 5, 1),
(2082, 17, 6, 5, 1),
(2083, 18, 6, 5, 3),
(2084, 19, 6, 5, 1),
(2085, 20, 6, 5, 1),
(2086, 21, 6, 5, 1),
(2087, 22, 6, 5, 0),
(2088, 23, 6, 5, 1),
(2089, 0, 7, 5, 1),
(2090, 1, 7, 5, 0),
(2091, 2, 7, 5, 1),
(2092, 3, 7, 5, 4),
(2093, 4, 7, 5, 1),
(2094, 5, 7, 5, 1),
(2095, 6, 7, 5, 1),
(2096, 7, 7, 5, 1),
(2097, 8, 7, 5, 0),
(2098, 9, 7, 5, 1),
(2099, 10, 7, 5, 1),
(2100, 11, 7, 5, 1),
(2101, 12, 7, 5, 1),
(2102, 13, 7, 5, 1),
(2103, 14, 7, 5, 1),
(2104, 15, 7, 5, 4),
(2105, 16, 7, 5, 1),
(2106, 17, 7, 5, 1),
(2107, 18, 7, 5, 1),
(2108, 19, 7, 5, 1),
(2109, 20, 7, 5, 1),
(2110, 21, 7, 5, 1),
(2111, 22, 7, 5, 0),
(2112, 23, 7, 5, 1),
(2113, 0, 8, 5, 1),
(2114, 1, 8, 5, 0),
(2115, 2, 8, 5, 1),
(2116, 3, 8, 5, 1),
(2117, 4, 8, 5, 1),
(2118, 5, 8, 5, 1),
(2119, 6, 8, 5, 1),
(2120, 7, 8, 5, 1),
(2121, 8, 8, 5, 0),
(2122, 9, 8, 5, 1),
(2123, 10, 8, 5, 2),
(2124, 11, 8, 5, 2),
(2125, 12, 8, 5, 2),
(2126, 13, 8, 5, 2),
(2127, 14, 8, 5, 1),
(2128, 15, 8, 5, 1),
(2129, 16, 8, 5, 1),
(2130, 17, 8, 5, 1),
(2131, 18, 8, 5, 1),
(2132, 19, 8, 5, 1),
(2133, 20, 8, 5, 1),
(2134, 21, 8, 5, 1),
(2135, 22, 8, 5, 0),
(2136, 23, 8, 5, 1),
(2137, 0, 9, 5, 1),
(2138, 1, 9, 5, 0),
(2139, 2, 9, 5, 1),
(2140, 3, 9, 5, 3),
(2141, 4, 9, 5, 1),
(2142, 5, 9, 5, 1),
(2143, 6, 9, 5, 4),
(2144, 7, 9, 5, 4),
(2145, 8, 9, 5, 0),
(2146, 9, 9, 5, 1),
(2147, 10, 9, 5, 1),
(2148, 11, 9, 5, 1),
(2149, 12, 9, 5, 1),
(2150, 13, 9, 5, 1),
(2151, 14, 9, 5, 1),
(2152, 15, 9, 5, 1),
(2153, 16, 9, 5, 3),
(2154, 17, 9, 5, 3),
(2155, 18, 9, 5, 1),
(2156, 19, 9, 5, 1),
(2157, 20, 9, 5, 4),
(2158, 21, 9, 5, 1),
(2159, 22, 9, 5, 0),
(2160, 23, 9, 5, 1),
(2161, 0, 10, 5, 1),
(2162, 1, 10, 5, 0),
(2163, 2, 10, 5, 1),
(2164, 3, 10, 5, 1),
(2165, 4, 10, 5, 1),
(2166, 5, 10, 5, 1),
(2167, 6, 10, 5, 1),
(2168, 7, 10, 5, 1),
(2169, 8, 10, 5, 0),
(2170, 9, 10, 5, 1),
(2171, 10, 10, 5, 2),
(2172, 11, 10, 5, 2),
(2173, 12, 10, 5, 2),
(2174, 13, 10, 5, 2),
(2175, 14, 10, 5, 1),
(2176, 15, 10, 5, 1),
(2177, 16, 10, 5, 1),
(2178, 17, 10, 5, 1),
(2179, 18, 10, 5, 1),
(2180, 19, 10, 5, 4),
(2181, 20, 10, 5, 1),
(2182, 21, 10, 5, 1),
(2183, 22, 10, 5, 0),
(2184, 23, 10, 5, 1),
(2185, 0, 11, 5, 1),
(2186, 1, 11, 5, 0),
(2187, 2, 11, 5, 1),
(2188, 3, 11, 5, 1),
(2189, 4, 11, 5, 1),
(2190, 5, 11, 5, 1),
(2191, 6, 11, 5, 3),
(2192, 7, 11, 5, 3),
(2193, 8, 11, 5, 1),
(2194, 9, 11, 5, 1),
(2195, 10, 11, 5, 2),
(2196, 11, 11, 5, 2),
(2197, 12, 11, 5, 2),
(2198, 13, 11, 5, 2),
(2199, 14, 11, 5, 1),
(2200, 15, 11, 5, 8),
(2201, 16, 11, 5, 2),
(2202, 17, 11, 5, 4),
(2203, 18, 11, 5, 1),
(2204, 19, 11, 5, 1),
(2205, 20, 11, 5, 1),
(2206, 21, 11, 5, 1),
(2207, 22, 11, 5, 0),
(2208, 23, 11, 5, 1),
(2209, 0, 12, 5, 1),
(2210, 1, 12, 5, 0),
(2211, 2, 12, 5, 1),
(2212, 3, 12, 5, 1),
(2213, 4, 12, 5, 1),
(2214, 5, 12, 5, 1),
(2215, 6, 12, 5, 1),
(2216, 7, 12, 5, 1),
(2217, 8, 12, 5, 4),
(2218, 9, 12, 5, 1),
(2219, 10, 12, 5, 1),
(2220, 11, 12, 5, 1),
(2221, 12, 12, 5, 1),
(2222, 13, 12, 5, 1),
(2223, 14, 12, 5, 1),
(2224, 15, 12, 5, 1),
(2225, 16, 12, 5, 1),
(2226, 17, 12, 5, 1),
(2227, 18, 12, 5, 1),
(2228, 19, 12, 5, 1),
(2229, 20, 12, 5, 3),
(2230, 21, 12, 5, 1),
(2231, 22, 12, 5, 0),
(2232, 23, 12, 5, 1),
(2233, 0, 13, 5, 1),
(2234, 1, 13, 5, 0),
(2235, 2, 13, 5, 1),
(2236, 3, 13, 5, 1),
(2237, 4, 13, 5, 4),
(2238, 5, 13, 5, 1),
(2239, 6, 13, 5, 4),
(2240, 7, 13, 5, 1),
(2241, 8, 13, 5, 0),
(2242, 9, 13, 5, 1),
(2243, 10, 13, 5, 1),
(2244, 11, 13, 5, 4),
(2245, 12, 13, 5, 1),
(2246, 13, 13, 5, 1),
(2247, 14, 13, 5, 1),
(2248, 15, 13, 5, 1),
(2249, 16, 13, 5, 1),
(2250, 17, 13, 5, 3),
(2251, 18, 13, 5, 1),
(2252, 19, 13, 5, 1),
(2253, 20, 13, 5, 1),
(2254, 21, 13, 5, 1),
(2255, 22, 13, 5, 0),
(2256, 23, 13, 5, 1),
(2257, 0, 14, 5, 1),
(2258, 1, 14, 5, 0),
(2259, 2, 14, 5, 2),
(2260, 3, 14, 5, 2),
(2261, 4, 14, 5, 1),
(2262, 5, 14, 5, 1),
(2263, 6, 14, 5, 1),
(2264, 7, 14, 5, 1),
(2265, 8, 14, 5, 3),
(2266, 9, 14, 5, 1),
(2267, 10, 14, 5, 1),
(2268, 11, 14, 5, 1),
(2269, 12, 14, 5, 1),
(2270, 13, 14, 5, 1),
(2271, 14, 14, 5, 1),
(2272, 15, 14, 5, 1),
(2273, 16, 14, 5, 4),
(2274, 17, 14, 5, 1),
(2275, 18, 14, 5, 1),
(2276, 19, 14, 5, 1),
(2277, 20, 14, 5, 4),
(2278, 21, 14, 5, 1),
(2279, 22, 14, 5, 0),
(2280, 23, 14, 5, 1),
(2281, 0, 15, 5, 1),
(2282, 1, 15, 5, 0),
(2283, 2, 15, 5, 2),
(2284, 3, 15, 5, 1),
(2285, 4, 15, 5, 3),
(2286, 5, 15, 5, 1),
(2287, 6, 15, 5, 1),
(2288, 7, 15, 5, 1),
(2289, 8, 15, 5, 1),
(2290, 9, 15, 5, 1),
(2291, 10, 15, 5, 1),
(2292, 11, 15, 5, 3),
(2293, 12, 15, 5, 1),
(2294, 13, 15, 5, 1),
(2295, 14, 15, 5, 1),
(2296, 15, 15, 5, 1),
(2297, 16, 15, 5, 1),
(2298, 17, 15, 5, 1),
(2299, 18, 15, 5, 1),
(2300, 19, 15, 5, 4),
(2301, 20, 15, 5, 1),
(2302, 21, 15, 5, 1),
(2303, 22, 15, 5, 0),
(2304, 23, 15, 5, 1),
(2305, 0, 16, 5, 1),
(2306, 1, 16, 5, 0),
(2307, 2, 16, 5, 0),
(2308, 3, 16, 5, 0),
(2309, 4, 16, 5, 1),
(2310, 5, 16, 5, 1),
(2311, 6, 16, 5, 3),
(2312, 7, 16, 5, 1),
(2313, 8, 16, 5, 0),
(2314, 9, 16, 5, 0),
(2315, 10, 16, 5, 0),
(2316, 11, 16, 5, 0),
(2317, 12, 16, 5, 0),
(2318, 13, 16, 5, 0),
(2319, 14, 16, 5, 0),
(2320, 15, 16, 5, 1),
(2321, 16, 16, 5, 3),
(2322, 17, 16, 5, 1),
(2323, 18, 16, 5, 0),
(2324, 19, 16, 5, 0),
(2325, 20, 16, 5, 0),
(2326, 21, 16, 5, 0),
(2327, 22, 16, 5, 0),
(2328, 23, 16, 5, 1),
(2329, 0, 17, 5, 1),
(2330, 1, 17, 5, 0),
(2331, 2, 17, 5, 1),
(2332, 3, 17, 5, 1),
(2333, 4, 17, 5, 1),
(2334, 5, 17, 5, 1),
(2335, 6, 17, 5, 1),
(2336, 7, 17, 5, 1),
(2337, 8, 17, 5, 0),
(2338, 9, 17, 5, 1),
(2339, 10, 17, 5, 1),
(2340, 11, 17, 5, 1),
(2341, 12, 17, 5, 1),
(2342, 13, 17, 5, 1),
(2343, 14, 17, 5, 1),
(2344, 15, 17, 5, 1),
(2345, 16, 17, 5, 1),
(2346, 17, 17, 5, 1),
(2347, 18, 17, 5, 1),
(2348, 19, 17, 5, 3),
(2349, 20, 17, 5, 1),
(2350, 21, 17, 5, 1),
(2351, 22, 17, 5, 0),
(2352, 23, 17, 5, 1),
(2353, 0, 18, 5, 0),
(2354, 1, 18, 5, 0),
(2355, 2, 18, 5, 0),
(2356, 3, 18, 5, 0),
(2357, 4, 18, 5, 0),
(2358, 5, 18, 5, 0),
(2359, 6, 18, 5, 0),
(2360, 7, 18, 5, 0),
(2361, 8, 18, 5, 0),
(2362, 9, 18, 5, 0),
(2363, 10, 18, 5, 0),
(2364, 11, 18, 5, 0),
(2365, 12, 18, 5, 0),
(2366, 13, 18, 5, 0),
(2367, 14, 18, 5, 0),
(2368, 15, 18, 5, 0),
(2369, 16, 18, 5, 0),
(2370, 17, 18, 5, 1),
(2371, 18, 18, 5, 1),
(2372, 19, 18, 5, 1),
(2373, 20, 18, 5, 1),
(2374, 21, 18, 5, 0),
(2375, 22, 18, 5, 0),
(2376, 23, 18, 5, 0),
(2377, 0, 19, 5, 1),
(2378, 1, 19, 5, 1),
(2379, 2, 19, 5, 1),
(2380, 3, 19, 5, 1),
(2381, 4, 19, 5, 1),
(2382, 5, 19, 5, 1),
(2383, 6, 19, 5, 1),
(2384, 7, 19, 5, 1),
(2385, 8, 19, 5, 1),
(2386, 9, 19, 5, 1),
(2387, 10, 19, 5, 1),
(2388, 11, 19, 5, 1),
(2389, 12, 19, 5, 1),
(2390, 13, 19, 5, 1),
(2391, 14, 19, 5, 1),
(2392, 15, 19, 5, 1),
(2393, 16, 19, 5, 0),
(2394, 17, 19, 5, 0),
(2395, 18, 19, 5, 0),
(2396, 19, 19, 5, 0),
(2397, 20, 19, 5, 0),
(2398, 21, 19, 5, 0),
(2399, 22, 19, 5, 1),
(2400, 23, 19, 5, 1);

-- --------------------------------------------------------

--
-- Structure de la table `elements`
--

CREATE TABLE `elements` (
  `ID_Element` int(11) NOT NULL,
  `Name_Element` varchar(25) DEFAULT NULL
) ENGINE=InnoDB DEFAULT CHARSET=latin1;

--
-- Contenu de la table `elements`
--

INSERT INTO `elements` (`ID_Element`, `Name_Element`) VALUES
(0, 'Wall'),
(1, 'Mud'),
(2, 'Broken_mud'),
(3, 'DIamond'),
(4, 'Rock'),
(5, 'spider'),
(6, 'Bat'),
(7, 'WildMan'),
(8, 'Squid'),
(9, 'Butterfly');

-- --------------------------------------------------------

--
-- Structure de la table `map`
--

CREATE TABLE `map` (
  `ID_Map` int(11) NOT NULL,
  `Height_Map` int(11) DEFAULT NULL,
  `Width_Map` int(11) DEFAULT NULL,
  `time` int(11) DEFAULT NULL,
  `diamonds_needed` int(11) DEFAULT NULL
) ENGINE=InnoDB DEFAULT CHARSET=latin1;

--
-- Contenu de la table `map`
--

INSERT INTO `map` (`ID_Map`, `Height_Map`, `Width_Map`, `time`, `diamonds_needed`) VALUES
(1, 20, 24, 120, 10),
(2, 20, 24, NULL, NULL),
(3, 20, 24, NULL, NULL),
(4, 20, 24, NULL, NULL),
(5, 20, 24, NULL, NULL);

--
-- Index pour les tables exportées
--

--
-- Index pour la table `adresses`
--
ALTER TABLE `adresses`
  ADD PRIMARY KEY (`ID_Coor`),
  ADD KEY `FK_Coordonnee_ID_Map` (`ID_Map`),
  ADD KEY `FK_Coordonnee_ID_Element` (`ID_Element`);

--
-- Index pour la table `elements`
--
ALTER TABLE `elements`
  ADD PRIMARY KEY (`ID_Element`);

--
-- Index pour la table `map`
--
ALTER TABLE `map`
  ADD PRIMARY KEY (`ID_Map`);

--
-- AUTO_INCREMENT pour les tables exportées
--

--
-- AUTO_INCREMENT pour la table `adresses`
--
ALTER TABLE `adresses`
  MODIFY `ID_Coor` int(11) NOT NULL AUTO_INCREMENT, AUTO_INCREMENT=2401;
--
-- AUTO_INCREMENT pour la table `elements`
--
ALTER TABLE `elements`
  MODIFY `ID_Element` int(11) NOT NULL AUTO_INCREMENT, AUTO_INCREMENT=10;
--
-- AUTO_INCREMENT pour la table `map`
--
ALTER TABLE `map`
  MODIFY `ID_Map` int(11) NOT NULL AUTO_INCREMENT, AUTO_INCREMENT=6;
--
-- Contraintes pour les tables exportées
--

--
-- Contraintes pour la table `adresses`
--
ALTER TABLE `adresses`
  ADD CONSTRAINT `FK_Coordonnee_ID_Element` FOREIGN KEY (`ID_Element`) REFERENCES `elements` (`ID_Element`),
  ADD CONSTRAINT `FK_Coordonnee_ID_Map` FOREIGN KEY (`ID_Map`) REFERENCES `map` (`ID_Map`);

/*!40101 SET CHARACTER_SET_CLIENT=@OLD_CHARACTER_SET_CLIENT */;
/*!40101 SET CHARACTER_SET_RESULTS=@OLD_CHARACTER_SET_RESULTS */;
/*!40101 SET COLLATION_CONNECTION=@OLD_COLLATION_CONNECTION */;
